-- MySQL dump 10.13  Distrib 8.0.29, for macos12 (x86_64)
--
-- Host: localhost    Database: cotizador
-- ------------------------------------------------------
-- Server version	5.7.26

/*!40101 SET @OLD_CHARACTER_SET_CLIENT=@@CHARACTER_SET_CLIENT */;
/*!40101 SET @OLD_CHARACTER_SET_RESULTS=@@CHARACTER_SET_RESULTS */;
/*!40101 SET @OLD_COLLATION_CONNECTION=@@COLLATION_CONNECTION */;
/*!50503 SET NAMES utf8 */;
/*!40103 SET @OLD_TIME_ZONE=@@TIME_ZONE */;
/*!40103 SET TIME_ZONE='+00:00' */;
/*!40014 SET @OLD_UNIQUE_CHECKS=@@UNIQUE_CHECKS, UNIQUE_CHECKS=0 */;
/*!40014 SET @OLD_FOREIGN_KEY_CHECKS=@@FOREIGN_KEY_CHECKS, FOREIGN_KEY_CHECKS=0 */;
/*!40101 SET @OLD_SQL_MODE=@@SQL_MODE, SQL_MODE='NO_AUTO_VALUE_ON_ZERO' */;
/*!40111 SET @OLD_SQL_NOTES=@@SQL_NOTES, SQL_NOTES=0 */;

--
-- Table structure for table `Chains`
--

DROP TABLE IF EXISTS `Chains`;
/*!40101 SET @saved_cs_client     = @@character_set_client */;
/*!50503 SET character_set_client = utf8mb4 */;
CREATE TABLE `Chains` (
  `id` int(11) NOT NULL AUTO_INCREMENT,
  `name` decimal(3,1) DEFAULT NULL,
  `price` int(11) DEFAULT NULL,
  `visible` tinyint(1) DEFAULT NULL,
  `idLocal` int(11) DEFAULT NULL,
  `createdAt` datetime NOT NULL,
  `updatedAt` datetime DEFAULT NULL,
  `deletedAt` datetime DEFAULT NULL,
  PRIMARY KEY (`id`)
) ENGINE=InnoDB AUTO_INCREMENT=13 DEFAULT CHARSET=utf8;
/*!40101 SET character_set_client = @saved_cs_client */;

--
-- Dumping data for table `Chains`
--

LOCK TABLES `Chains` WRITE;
/*!40000 ALTER TABLE `Chains` DISABLE KEYS */;
INSERT INTO `Chains` VALUES (1,2.0,0,1,1,'2022-08-05 17:18:38',NULL,NULL),(2,2.5,40,1,2,'2022-08-05 17:18:38',NULL,NULL),(3,3.0,80,1,3,'2022-08-05 17:18:38',NULL,NULL),(4,3.5,120,1,4,'2022-08-05 17:18:38',NULL,NULL),(5,4.0,160,1,5,'2022-08-05 17:18:38',NULL,NULL),(6,0.0,0,1,6,'2022-08-05 17:18:38',NULL,NULL),(7,1.0,0,1,7,'2022-08-05 17:18:38',NULL,NULL),(8,1.5,0,1,8,'2022-08-05 17:18:38',NULL,NULL),(9,4.5,200,1,9,'2022-08-05 17:18:38',NULL,NULL),(10,5.0,240,1,10,'2022-08-05 17:18:38',NULL,NULL),(11,5.5,280,1,11,'2022-08-05 17:18:38',NULL,NULL),(12,6.0,320,1,12,'2022-08-05 17:18:38',NULL,NULL);
/*!40000 ALTER TABLE `Chains` ENABLE KEYS */;
UNLOCK TABLES;

--
-- Table structure for table `Clarifications`
--

DROP TABLE IF EXISTS `Clarifications`;
/*!40101 SET @saved_cs_client     = @@character_set_client */;
/*!50503 SET character_set_client = utf8mb4 */;
CREATE TABLE `Clarifications` (
  `id` int(11) NOT NULL AUTO_INCREMENT,
  `description` text,
  `systemId` int(11) DEFAULT NULL,
  `createdAt` datetime NOT NULL,
  `updatedAt` datetime DEFAULT NULL,
  PRIMARY KEY (`id`),
  KEY `systemId` (`systemId`),
  CONSTRAINT `clarifications_ibfk_1` FOREIGN KEY (`systemId`) REFERENCES `Systems` (`id`) ON DELETE CASCADE
) ENGINE=InnoDB DEFAULT CHARSET=utf8;
/*!40101 SET character_set_client = @saved_cs_client */;

--
-- Dumping data for table `Clarifications`
--

LOCK TABLES `Clarifications` WRITE;
/*!40000 ALTER TABLE `Clarifications` DISABLE KEYS */;
/*!40000 ALTER TABLE `Clarifications` ENABLE KEYS */;
UNLOCK TABLES;

--
-- Table structure for table `Cloths`
--

DROP TABLE IF EXISTS `Cloths`;
/*!40101 SET @saved_cs_client     = @@character_set_client */;
/*!50503 SET character_set_client = utf8mb4 */;
CREATE TABLE `Cloths` (
  `id` int(11) NOT NULL AUTO_INCREMENT,
  `name` varchar(255) DEFAULT NULL,
  `price` int(11) DEFAULT NULL,
  `visible` tinyint(1) DEFAULT NULL,
  `width` int(11) DEFAULT NULL,
  `traversedCut` tinyint(4) DEFAULT NULL,
  `idLocal` int(11) DEFAULT NULL,
  `createdAt` datetime NOT NULL,
  `updatedAt` datetime DEFAULT NULL,
  `deletedAt` datetime DEFAULT NULL,
  PRIMARY KEY (`id`)
) ENGINE=InnoDB AUTO_INCREMENT=764 DEFAULT CHARSET=utf8;
/*!40101 SET character_set_client = @saved_cs_client */;

--
-- Dumping data for table `Cloths`
--

LOCK TABLES `Cloths` WRITE;
/*!40000 ALTER TABLE `Cloths` DISABLE KEYS */;
INSERT INTO `Cloths` VALUES (1,'null',0,0,0,NULL,1,'2022-08-05 17:18:38',NULL,NULL),(2,'bco',0,0,0,NULL,2,'2022-08-05 17:18:38',NULL,NULL),(3,'gris',0,0,0,NULL,3,'2022-08-05 17:18:38',NULL,NULL),(4,'hilo bco',0,0,0,NULL,4,'2022-08-05 17:18:38',NULL,NULL),(5,'madraz  natural',0,0,0,NULL,5,'2022-08-05 17:18:38',NULL,NULL),(6,'madraz tapicero marron',0,0,0,NULL,6,'2022-08-05 17:18:38',NULL,NULL),(7,'nat',0,0,0,NULL,7,'2022-08-05 17:18:38',NULL,NULL),(8,'negr',0,0,0,NULL,8,'2022-08-05 17:18:38',NULL,NULL),(9,'rafia bco',0,0,0,NULL,9,'2022-08-05 17:18:38',NULL,NULL),(10,'SIN REGISTRO',0,0,0,NULL,NULL,'2022-08-05 17:18:38',NULL,NULL),(11,'SIN REGISTRO',0,0,0,NULL,NULL,'2022-08-05 17:18:38',NULL,NULL),(12,'+ 3. Panama palermo bco',0,0,0,NULL,12,'2022-08-05 17:18:38',NULL,NULL),(13,'SIN REGISTRO',0,0,0,NULL,NULL,'2022-08-05 17:18:38',NULL,NULL),(14,'+3 bko bco',0,0,0,NULL,14,'2022-08-05 17:18:38',NULL,NULL),(15,'+3 Metal',0,0,0,NULL,15,'2022-08-05 17:18:38',NULL,NULL),(16,'+3 screen',0,0,0,NULL,16,'2022-08-05 17:18:38',NULL,NULL),(17,'+3 screen bco',0,0,0,NULL,17,'2022-08-05 17:18:38',NULL,NULL),(18,'???',0,0,0,NULL,18,'2022-08-05 17:18:38',NULL,NULL),(19,'SIN REGISTRO',0,0,0,NULL,NULL,'2022-08-05 17:18:38',NULL,NULL),(20,'SIN REGISTRO',0,0,0,NULL,NULL,'2022-08-05 17:18:38',NULL,NULL),(21,'3 +',0,0,0,NULL,21,'2022-08-05 17:18:38',NULL,NULL),(22,'3+',0,0,0,NULL,22,'2022-08-05 17:18:38',NULL,NULL),(23,'a 2,77',0,0,0,NULL,23,'2022-08-05 17:18:38',NULL,NULL),(24,'a cadena',0,0,0,NULL,24,'2022-08-05 17:18:38',NULL,NULL),(25,'a cadena fioco bco',0,0,0,NULL,25,'2022-08-05 17:18:38',NULL,NULL),(26,'A cordon',0,0,0,NULL,26,'2022-08-05 17:18:38',NULL,NULL),(27,'a cordon ecualin nat',0,0,0,NULL,27,'2022-08-05 17:18:38',NULL,NULL),(28,'A cordon Fioco bco',0,0,0,NULL,28,'2022-08-05 17:18:38',NULL,NULL),(29,'a cordon fioco nat',0,0,0,NULL,29,'2022-08-05 17:18:38',NULL,NULL),(30,'A cordon Panama Bco',0,0,0,NULL,30,'2022-08-05 17:18:38',NULL,NULL),(31,'a cordon voile bco',0,0,0,NULL,31,'2022-08-05 17:18:38',NULL,NULL),(32,'a corton palermo nat',0,0,0,NULL,32,'2022-08-05 17:18:38',NULL,NULL),(33,'aero',0,0,0,NULL,33,'2022-08-05 17:18:38',NULL,NULL),(34,'aero mad',0,0,0,NULL,34,'2022-08-05 17:18:38',NULL,NULL),(35,'alemanesco bco',0,0,0,NULL,35,'2022-08-05 17:18:38',NULL,NULL),(36,'alemanesco nat',0,0,0,NULL,36,'2022-08-05 17:18:38',NULL,NULL),(37,'alg bco',0,0,0,NULL,37,'2022-08-05 17:18:38',NULL,NULL),(38,'amazonia marfil',0,0,0,NULL,38,'2022-08-05 17:18:38',NULL,NULL),(39,'b o n',0,0,0,NULL,39,'2022-08-05 17:18:38',NULL,NULL),(40,'bambu',0,0,0,NULL,40,'2022-08-05 17:18:38',NULL,NULL),(41,'bando',0,0,0,NULL,41,'2022-08-05 17:18:38',NULL,NULL),(42,'bat',0,0,0,NULL,42,'2022-08-05 17:18:38',NULL,NULL),(43,'batista blanca',0,0,0,NULL,43,'2022-08-05 17:18:38',NULL,NULL),(44,'batista natural',0,0,0,NULL,44,'2022-08-05 17:18:38',NULL,NULL),(45,'bca',0,0,0,NULL,45,'2022-08-05 17:18:38',NULL,NULL),(46,'bca y nat',0,0,0,NULL,46,'2022-08-05 17:18:38',NULL,NULL),(47,'bco',0,0,0,NULL,47,'2022-08-05 17:18:38',NULL,NULL),(48,'bco +3',0,0,0,NULL,48,'2022-08-05 17:18:38',NULL,NULL),(49,'bco 3+',0,0,0,NULL,49,'2022-08-05 17:18:38',NULL,NULL),(50,'bco 30',0,0,0,NULL,50,'2022-08-05 17:18:38',NULL,NULL),(51,'bco fioco',0,0,0,NULL,51,'2022-08-05 17:18:38',NULL,NULL),(52,'bco mec',0,0,0,NULL,52,'2022-08-05 17:18:38',NULL,NULL),(53,'bco nat',0,0,0,NULL,53,'2022-08-05 17:18:38',NULL,NULL),(54,'bco scree',0,0,0,NULL,54,'2022-08-05 17:18:38',NULL,NULL),(55,'bco union',0,0,0,NULL,55,'2022-08-05 17:18:38',NULL,NULL),(56,'bco y negro',0,0,0,NULL,56,'2022-08-05 17:18:38',NULL,NULL),(57,'Bco/cauca nat',0,0,0,NULL,57,'2022-08-05 17:18:38',NULL,NULL),(58,'beige',0,0,0,NULL,58,'2022-08-05 17:18:38',NULL,NULL),(59,'beige bco',0,0,0,NULL,59,'2022-08-05 17:18:38',NULL,NULL),(60,'beige con bco',0,0,0,NULL,60,'2022-08-05 17:18:38',NULL,NULL),(61,'beige/bco',0,0,0,NULL,61,'2022-08-05 17:18:38',NULL,NULL),(62,'belgrano bco',0,0,0,NULL,62,'2022-08-05 17:18:38',NULL,NULL),(63,'belgrano natural',0,0,0,NULL,63,'2022-08-05 17:18:38',NULL,NULL),(64,'belgrsano bca',0,0,0,NULL,64,'2022-08-05 17:18:38',NULL,NULL),(65,'bkko bco',0,0,0,NULL,65,'2022-08-05 17:18:38',NULL,NULL),(66,'bko',0,0,0,NULL,66,'2022-08-05 17:18:38',NULL,NULL),(67,'bko + 3',0,0,0,NULL,67,'2022-08-05 17:18:38',NULL,NULL),(68,'bko bco',0,0,0,NULL,68,'2022-08-05 17:18:38',NULL,NULL),(69,'bko bco + 3',0,0,0,NULL,69,'2022-08-05 17:18:38',NULL,NULL),(70,'bko bco +3',0,0,0,NULL,70,'2022-08-05 17:18:38',NULL,NULL),(71,'bko bco 218+3',0,0,0,NULL,71,'2022-08-05 17:18:38',NULL,NULL),(72,'bko bco 6 presi 3x6',0,0,0,NULL,72,'2022-08-05 17:18:38',NULL,NULL),(73,'bko bco 8 presi 4x7',0,0,0,NULL,73,'2022-08-05 17:18:38',NULL,NULL),(74,'Bko bco c/metal + 3',0,0,0,NULL,74,'2022-08-05 17:18:38',NULL,NULL),(75,'bko blanco',0,0,0,NULL,75,'2022-08-05 17:18:38',NULL,NULL),(76,'bko con velcreo',0,0,0,NULL,76,'2022-08-05 17:18:38',NULL,NULL),(77,'bko metal',0,0,0,NULL,77,'2022-08-05 17:18:38',NULL,NULL),(78,'bko nat',0,0,0,NULL,78,'2022-08-05 17:18:38',NULL,NULL),(79,'Bko nat + 3',0,0,0,NULL,79,'2022-08-05 17:18:38',NULL,NULL),(80,'bko nat con cadena',0,0,0,NULL,80,'2022-08-05 17:18:38',NULL,NULL),(81,'bko natural',0,0,0,NULL,81,'2022-08-05 17:18:38',NULL,NULL),(82,'bko natural a cadena',0,0,0,NULL,82,'2022-08-05 17:18:38',NULL,NULL),(83,'bko tela nat',0,0,0,NULL,83,'2022-08-05 17:18:38',NULL,NULL),(84,'bko tela nat eeuu',0,0,0,NULL,84,'2022-08-05 17:18:38',NULL,NULL),(85,'bko y rollo',0,0,0,NULL,85,'2022-08-05 17:18:38',NULL,NULL),(86,'bko y screen',0,0,0,NULL,86,'2022-08-05 17:18:38',NULL,NULL),(87,'bko7',0,0,0,NULL,87,'2022-08-05 17:18:38',NULL,NULL),(88,'bkp bco',0,0,0,NULL,88,'2022-08-05 17:18:38',NULL,NULL),(89,'Black Out',0,0,0,NULL,89,'2022-08-05 17:18:38',NULL,NULL),(90,'Black out blanco',0,0,0,NULL,90,'2022-08-05 17:18:38',NULL,NULL),(91,'Blackout blanco',0,0,0,NULL,91,'2022-08-05 17:18:38',NULL,NULL),(92,'blanca madraz',0,0,0,NULL,92,'2022-08-05 17:18:38',NULL,NULL),(93,'blanco',0,0,0,NULL,93,'2022-08-05 17:18:38',NULL,NULL),(94,'brusela bca',0,0,0,NULL,94,'2022-08-05 17:18:38',NULL,NULL),(95,'bruselas bco',0,0,0,NULL,95,'2022-08-05 17:18:38',NULL,NULL),(96,'cacr254 cachi beige',0,0,0,NULL,96,'2022-08-05 17:18:38',NULL,NULL),(97,'Cadena',0,0,0,NULL,97,'2022-08-05 17:18:38',NULL,NULL),(98,'Cadena + 105',0,0,0,NULL,98,'2022-08-05 17:18:38',NULL,NULL),(99,'Cadena + 116',0,0,0,NULL,99,'2022-08-05 17:18:38',NULL,NULL),(100,'Cadena + 50',0,0,0,NULL,100,'2022-08-05 17:18:38',NULL,NULL),(101,'Cadena + 65',0,0,0,NULL,101,'2022-08-05 17:18:38',NULL,NULL),(102,'Cadena + 70',0,0,0,NULL,102,'2022-08-05 17:18:38',NULL,NULL),(103,'Cadena Euca Nat',0,0,0,NULL,103,'2022-08-05 17:18:38',NULL,NULL),(104,'cadena madraz natural',0,0,0,NULL,104,'2022-08-05 17:18:38',NULL,NULL),(105,'Cadena panama bco',0,0,0,NULL,105,'2022-08-05 17:18:38',NULL,NULL),(106,'camel',0,0,0,NULL,106,'2022-08-05 17:18:38',NULL,NULL),(107,'can bco',0,0,0,NULL,107,'2022-08-05 17:18:38',NULL,NULL),(108,'cancun bco',0,0,0,NULL,108,'2022-08-05 17:18:38',NULL,NULL),(109,'celeste',0,0,0,NULL,109,'2022-08-05 17:18:38',NULL,NULL),(110,'chicle mec',0,0,0,NULL,110,'2022-08-05 17:18:38',NULL,NULL),(111,'choco eco',0,0,0,NULL,111,'2022-08-05 17:18:38',NULL,NULL),(112,'chocolate',0,0,0,NULL,112,'2022-08-05 17:18:38',NULL,NULL),(113,'color',0,0,0,NULL,113,'2022-08-05 17:18:38',NULL,NULL),(114,'congo bco',0,0,0,NULL,114,'2022-08-05 17:18:38',NULL,NULL),(115,'cort rustica amsterdam 2672',0,0,0,NULL,115,'2022-08-05 17:18:38',NULL,NULL),(116,'crash bco',0,0,0,NULL,116,'2022-08-05 17:18:38',NULL,NULL),(117,'crash blanco',0,0,0,NULL,117,'2022-08-05 17:18:38',NULL,NULL),(118,'crASh cordone bco',0,0,0,NULL,118,'2022-08-05 17:18:38',NULL,NULL),(119,'crash durazno',0,0,0,NULL,119,'2022-08-05 17:18:38',NULL,NULL),(120,'crash maiz',0,0,0,NULL,120,'2022-08-05 17:18:38',NULL,NULL),(121,'Crash natural',0,0,0,NULL,121,'2022-08-05 17:18:38',NULL,NULL),(122,'crep bco',0,0,0,NULL,122,'2022-08-05 17:18:38',NULL,NULL),(123,'crep manteca',0,0,0,NULL,123,'2022-08-05 17:18:38',NULL,NULL),(124,'Crep naranja',0,0,0,NULL,124,'2022-08-05 17:18:38',NULL,NULL),(125,'crep negro',0,0,0,NULL,125,'2022-08-05 17:18:38',NULL,NULL),(126,'crepe aero',0,0,0,NULL,126,'2022-08-05 17:18:38',NULL,NULL),(127,'crepe bco',0,0,0,NULL,127,'2022-08-05 17:18:38',NULL,NULL),(128,'crepe blancom',0,0,0,NULL,128,'2022-08-05 17:18:38',NULL,NULL),(129,'Crepe liso bco',0,0,0,NULL,129,'2022-08-05 17:18:38',NULL,NULL),(130,'crepe mantec',0,0,0,NULL,130,'2022-08-05 17:18:38',NULL,NULL),(131,'Crepe manteca',0,0,0,NULL,131,'2022-08-05 17:18:38',NULL,NULL),(132,'crepe natu',0,0,0,NULL,132,'2022-08-05 17:18:38',NULL,NULL),(133,'crepe natural',0,0,0,NULL,133,'2022-08-05 17:18:38',NULL,NULL),(134,'crepe tiza',0,0,0,NULL,134,'2022-08-05 17:18:38',NULL,NULL),(135,'crepe verde de papa',0,0,0,NULL,135,'2022-08-05 17:18:38',NULL,NULL),(136,'cuerina  beige',0,0,0,NULL,136,'2022-08-05 17:18:38',NULL,NULL),(137,'cuerina bca',0,0,0,NULL,137,'2022-08-05 17:18:38',NULL,NULL),(138,'cuerina verde ingles',0,0,0,NULL,138,'2022-08-05 17:18:38',NULL,NULL),(139,'D',0,0,0,NULL,139,'2022-08-05 17:18:38',NULL,NULL),(140,'Der',0,0,0,NULL,140,'2022-08-05 17:18:38',NULL,NULL),(141,'Der pasillo',0,0,0,NULL,141,'2022-08-05 17:18:38',NULL,NULL),(142,'derecho',0,0,0,NULL,142,'2022-08-05 17:18:38',NULL,NULL),(143,'doble',0,0,0,NULL,143,'2022-08-05 17:18:38',NULL,NULL),(144,'doble bko scren',0,0,0,NULL,144,'2022-08-05 17:18:38',NULL,NULL),(145,'doradas',0,0,0,NULL,145,'2022-08-05 17:18:38',NULL,NULL),(146,'eclipse lino',0,0,0,NULL,146,'2022-08-05 17:18:38',NULL,NULL),(147,'eco',0,0,0,NULL,147,'2022-08-05 17:18:38',NULL,NULL),(148,'eco azul marino',0,0,0,NULL,148,'2022-08-05 17:18:38',NULL,NULL),(149,'eco bco',0,0,0,NULL,149,'2022-08-05 17:18:38',NULL,NULL),(150,'eco botella',0,0,0,NULL,150,'2022-08-05 17:18:38',NULL,NULL),(151,'eco choco',0,0,0,NULL,151,'2022-08-05 17:18:38',NULL,NULL),(152,'eco gris 2,20',0,0,0,NULL,152,'2022-08-05 17:18:38',NULL,NULL),(153,'eco maiz 1,80',0,0,0,NULL,153,'2022-08-05 17:18:38',NULL,NULL),(154,'eco negro',0,0,0,NULL,154,'2022-08-05 17:18:38',NULL,NULL),(155,'eco rojo',0,0,0,NULL,155,'2022-08-05 17:18:38',NULL,NULL),(156,'Ecocuero',0,0,0,NULL,156,'2022-08-05 17:18:38',NULL,NULL),(157,'ecocuero floresta',0,0,0,NULL,157,'2022-08-05 17:18:38',NULL,NULL),(158,'ella',0,0,0,NULL,158,'2022-08-05 17:18:38',NULL,NULL),(159,'Eu',0,0,0,NULL,159,'2022-08-05 17:18:38',NULL,NULL),(160,'Euc bco',0,0,0,NULL,160,'2022-08-05 17:18:38',NULL,NULL),(161,'euca bco',0,0,0,NULL,161,'2022-08-05 17:18:38',NULL,NULL),(162,'euca bco bando',0,0,0,NULL,162,'2022-08-05 17:18:38',NULL,NULL),(163,'euca blanco',0,0,0,NULL,163,'2022-08-05 17:18:38',NULL,NULL),(164,'euca nat',0,0,0,NULL,164,'2022-08-05 17:18:38',NULL,NULL),(165,'euca natural',0,0,0,NULL,165,'2022-08-05 17:18:38',NULL,NULL),(166,'euca neg',0,0,0,NULL,166,'2022-08-05 17:18:38',NULL,NULL),(167,'euca negro',0,0,0,NULL,167,'2022-08-05 17:18:38',NULL,NULL),(168,'eucalin bco',0,0,0,NULL,168,'2022-08-05 17:18:38',NULL,NULL),(169,'euvca bco',0,0,0,NULL,169,'2022-08-05 17:18:38',NULL,NULL),(170,'Fioco Bco',0,0,0,NULL,170,'2022-08-05 17:18:38',NULL,NULL),(171,'Fioco blanco',0,0,0,NULL,171,'2022-08-05 17:18:38',NULL,NULL),(172,'Fioco Nat',0,0,0,NULL,172,'2022-08-05 17:18:38',NULL,NULL),(173,'fioco natu',0,0,0,NULL,173,'2022-08-05 17:18:38',NULL,NULL),(174,'Fioco natural',0,0,0,NULL,174,'2022-08-05 17:18:38',NULL,NULL),(175,'flor terracota',0,0,0,NULL,175,'2022-08-05 17:18:38',NULL,NULL),(176,'flore hojas naturales',0,0,0,NULL,176,'2022-08-05 17:18:38',NULL,NULL),(177,'floreada',0,0,0,NULL,177,'2022-08-05 17:18:38',NULL,NULL),(178,'g fant nat',0,0,0,NULL,178,'2022-08-05 17:18:38',NULL,NULL),(179,'giro al reves',0,0,0,NULL,179,'2022-08-05 17:18:38',NULL,NULL),(180,'granite bco',0,0,0,NULL,180,'2022-08-05 17:18:38',NULL,NULL),(181,'gris',0,0,0,NULL,181,'2022-08-05 17:18:38',NULL,NULL),(182,'gris /bco',0,0,0,NULL,182,'2022-08-05 17:18:38',NULL,NULL),(183,'gris con bco',0,0,0,NULL,183,'2022-08-05 17:18:38',NULL,NULL),(184,'gris gross',0,0,0,NULL,184,'2022-08-05 17:18:38',NULL,NULL),(185,'gris perla',0,0,0,NULL,185,'2022-08-05 17:18:38',NULL,NULL),(186,'gris/bco',0,0,0,NULL,186,'2022-08-05 17:18:38',NULL,NULL),(187,'griss bco',0,0,0,NULL,187,'2022-08-05 17:18:38',NULL,NULL),(188,'groiss bco jorge',0,0,0,NULL,188,'2022-08-05 17:18:38',NULL,NULL),(189,'gros  fan nat',0,0,0,NULL,189,'2022-08-05 17:18:38',NULL,NULL),(190,'gros  fant bco',0,0,0,NULL,190,'2022-08-05 17:18:38',NULL,NULL),(191,'gros  nat',0,0,0,NULL,191,'2022-08-05 17:18:38',NULL,NULL),(192,'gros  rojo',0,0,0,NULL,192,'2022-08-05 17:18:38',NULL,NULL),(193,'gros bco',0,0,0,NULL,193,'2022-08-05 17:18:38',NULL,NULL),(194,'gros beige',0,0,0,NULL,194,'2022-08-05 17:18:38',NULL,NULL),(195,'Gros blanco',0,0,0,NULL,195,'2022-08-05 17:18:38',NULL,NULL),(196,'gros fan bco',0,0,0,NULL,196,'2022-08-05 17:18:38',NULL,NULL),(197,'gros fan nat',0,0,0,NULL,197,'2022-08-05 17:18:38',NULL,NULL),(198,'gros fan natu',0,0,0,NULL,198,'2022-08-05 17:18:38',NULL,NULL),(199,'gros fannat',0,0,0,NULL,199,'2022-08-05 17:18:38',NULL,NULL),(200,'gros fant bco',0,0,0,NULL,200,'2022-08-05 17:18:38',NULL,NULL),(201,'gros fant nat',0,0,0,NULL,201,'2022-08-05 17:18:38',NULL,NULL),(202,'gros fant natu',0,0,0,NULL,202,'2022-08-05 17:18:38',NULL,NULL),(203,'gros fant natural',0,0,0,NULL,203,'2022-08-05 17:18:38',NULL,NULL),(204,'gros fant natural cadena526',0,0,0,NULL,204,'2022-08-05 17:18:38',NULL,NULL),(205,'gros fanta nat',0,0,0,NULL,205,'2022-08-05 17:18:38',NULL,NULL),(206,'gros fanta natural',0,0,0,NULL,206,'2022-08-05 17:18:38',NULL,NULL),(207,'gros fasnt bco',0,0,0,NULL,207,'2022-08-05 17:18:38',NULL,NULL),(208,'gros fasnt nat',0,0,0,NULL,208,'2022-08-05 17:18:38',NULL,NULL),(209,'gros gris',0,0,0,NULL,209,'2022-08-05 17:18:38',NULL,NULL),(210,'gros malva',0,0,0,NULL,210,'2022-08-05 17:18:38',NULL,NULL),(211,'gros nat',0,0,0,NULL,211,'2022-08-05 17:18:38',NULL,NULL),(212,'Gros natural',0,0,0,NULL,212,'2022-08-05 17:18:38',NULL,NULL),(213,'gros natural jorge',0,0,0,NULL,213,'2022-08-05 17:18:38',NULL,NULL),(214,'gros violeta',0,0,0,NULL,214,'2022-08-05 17:18:38',NULL,NULL),(215,'gross',0,0,0,NULL,215,'2022-08-05 17:18:38',NULL,NULL),(216,'gross  nat',0,0,0,NULL,216,'2022-08-05 17:18:38',NULL,NULL),(217,'gross bco',0,0,0,NULL,217,'2022-08-05 17:18:38',NULL,NULL),(218,'gross bco /aer0',0,0,0,NULL,218,'2022-08-05 17:18:38',NULL,NULL),(219,'gross bco a cadena',0,0,0,NULL,219,'2022-08-05 17:18:38',NULL,NULL),(220,'gross bco fantasia',0,0,0,NULL,220,'2022-08-05 17:18:38',NULL,NULL),(221,'Gross bco nat',0,0,0,NULL,221,'2022-08-05 17:18:38',NULL,NULL),(222,'Gross bco panama',0,0,0,NULL,222,'2022-08-05 17:18:38',NULL,NULL),(223,'gross bco sucio',0,0,0,NULL,223,'2022-08-05 17:18:38',NULL,NULL),(224,'gross beige',0,0,0,NULL,224,'2022-08-05 17:18:38',NULL,NULL),(225,'Gross blanco',0,0,0,NULL,225,'2022-08-05 17:18:38',NULL,NULL),(226,'gross fan bco',0,0,0,NULL,226,'2022-08-05 17:18:38',NULL,NULL),(227,'gross fan nat',0,0,0,NULL,227,'2022-08-05 17:18:38',NULL,NULL),(228,'gross fan natu',0,0,0,NULL,228,'2022-08-05 17:18:38',NULL,NULL),(229,'gross fan natural',0,0,0,NULL,229,'2022-08-05 17:18:38',NULL,NULL),(230,'gross fant bco',0,0,0,NULL,230,'2022-08-05 17:18:38',NULL,NULL),(231,'Gross Fant Beige',0,0,0,NULL,231,'2022-08-05 17:18:38',NULL,NULL),(232,'gross fant nat',0,0,0,NULL,232,'2022-08-05 17:18:38',NULL,NULL),(233,'gross fant natu',0,0,0,NULL,233,'2022-08-05 17:18:38',NULL,NULL),(234,'gross fant natural',0,0,0,NULL,234,'2022-08-05 17:18:38',NULL,NULL),(235,'gross fanta bca',0,0,0,NULL,235,'2022-08-05 17:18:38',NULL,NULL),(236,'gross fanta bco',0,0,0,NULL,236,'2022-08-05 17:18:38',NULL,NULL),(237,'gross fantas  natural',0,0,0,NULL,237,'2022-08-05 17:18:38',NULL,NULL),(238,'gross fantasia',0,0,0,NULL,238,'2022-08-05 17:18:38',NULL,NULL),(239,'gross fantasia bco',0,0,0,NULL,239,'2022-08-05 17:18:38',NULL,NULL),(240,'gross fantasia nat',0,0,0,NULL,240,'2022-08-05 17:18:38',NULL,NULL),(241,'gross fantasia natural',0,0,0,NULL,241,'2022-08-05 17:18:38',NULL,NULL),(242,'gross gris',0,0,0,NULL,242,'2022-08-05 17:18:38',NULL,NULL),(243,'gross jorge',0,0,0,NULL,243,'2022-08-05 17:18:38',NULL,NULL),(244,'gross jorge nat',0,0,0,NULL,244,'2022-08-05 17:18:38',NULL,NULL),(245,'gross jorge natural',0,0,0,NULL,245,'2022-08-05 17:18:38',NULL,NULL),(246,'gross lila',0,0,0,NULL,246,'2022-08-05 17:18:38',NULL,NULL),(247,'gross liso nat cadena',0,0,0,NULL,247,'2022-08-05 17:18:38',NULL,NULL),(248,'gross maiz',0,0,0,NULL,248,'2022-08-05 17:18:38',NULL,NULL),(249,'Gross Malba',0,0,0,NULL,249,'2022-08-05 17:18:38',NULL,NULL),(250,'gross nat',0,0,0,NULL,250,'2022-08-05 17:18:38',NULL,NULL),(251,'Gross Nat Fanta',0,0,0,NULL,251,'2022-08-05 17:18:38',NULL,NULL),(252,'gross nat fantasia',0,0,0,NULL,252,'2022-08-05 17:18:38',NULL,NULL),(253,'Gross natural',0,0,0,NULL,253,'2022-08-05 17:18:38',NULL,NULL),(254,'gross natural a cadena',0,0,0,NULL,254,'2022-08-05 17:18:38',NULL,NULL),(255,'Gross natural corvei',0,0,0,NULL,255,'2022-08-05 17:18:38',NULL,NULL),(256,'gross natural jorge',0,0,0,NULL,256,'2022-08-05 17:18:38',NULL,NULL),(257,'gross natural y blanco',0,0,0,NULL,257,'2022-08-05 17:18:38',NULL,NULL),(258,'gross oro',0,0,0,NULL,258,'2022-08-05 17:18:38',NULL,NULL),(259,'gross rojo',0,0,0,NULL,259,'2022-08-05 17:18:38',NULL,NULL),(260,'gross rokjo',0,0,0,NULL,260,'2022-08-05 17:18:38',NULL,NULL),(261,'gross verde militar',0,0,0,NULL,261,'2022-08-05 17:18:38',NULL,NULL),(262,'grs fsan natural',0,0,0,NULL,262,'2022-08-05 17:18:38',NULL,NULL),(263,'guias',0,0,0,NULL,263,'2022-08-05 17:18:38',NULL,NULL),(264,'hilo durazno',0,0,0,NULL,264,'2022-08-05 17:18:38',NULL,NULL),(265,'hilo indu',0,0,0,NULL,265,'2022-08-05 17:18:38',NULL,NULL),(266,'hoja verde',0,0,0,NULL,266,'2022-08-05 17:18:38',NULL,NULL),(267,'hojas verdes',0,0,0,NULL,267,'2022-08-05 17:18:38',NULL,NULL),(268,'hojitas',0,0,0,NULL,268,'2022-08-05 17:18:38',NULL,NULL),(269,'I',0,0,0,NULL,269,'2022-08-05 17:18:38',NULL,NULL),(270,'Izq',0,0,0,NULL,270,'2022-08-05 17:18:38',NULL,NULL),(271,'izquierdo',0,0,0,NULL,271,'2022-08-05 17:18:38',NULL,NULL),(272,'Juego cortina',0,0,0,NULL,272,'2022-08-05 17:18:38',NULL,NULL),(273,'justo voile bco',0,0,0,NULL,273,'2022-08-05 17:18:38',NULL,NULL),(274,'lila',0,0,0,NULL,274,'2022-08-05 17:18:38',NULL,NULL),(275,'lino blanco',0,0,0,NULL,275,'2022-08-05 17:18:38',NULL,NULL),(276,'maadraz marron tapicero',0,0,0,NULL,276,'2022-08-05 17:18:38',NULL,NULL),(277,'mad  nat',0,0,0,NULL,277,'2022-08-05 17:18:38',NULL,NULL),(278,'mad bcas',0,0,0,NULL,278,'2022-08-05 17:18:38',NULL,NULL),(279,'mad bco',0,0,0,NULL,279,'2022-08-05 17:18:38',NULL,NULL),(280,'mad choco',0,0,0,NULL,280,'2022-08-05 17:18:38',NULL,NULL),(281,'mad fran',0,0,0,NULL,281,'2022-08-05 17:18:38',NULL,NULL),(282,'mad francia',0,0,0,NULL,282,'2022-08-05 17:18:38',NULL,NULL),(283,'mad jorge',0,0,0,NULL,283,'2022-08-05 17:18:38',NULL,NULL),(284,'mad maiz',0,0,0,NULL,284,'2022-08-05 17:18:38',NULL,NULL),(285,'mad malva',0,0,0,NULL,285,'2022-08-05 17:18:38',NULL,NULL),(286,'mad manzana',0,0,0,NULL,286,'2022-08-05 17:18:38',NULL,NULL),(287,'mad nat',0,0,0,NULL,287,'2022-08-05 17:18:38',NULL,NULL),(288,'mad natu',0,0,0,NULL,288,'2022-08-05 17:18:38',NULL,NULL),(289,'mad natural',0,0,0,NULL,289,'2022-08-05 17:18:38',NULL,NULL),(290,'mad o ratier',0,0,0,NULL,290,'2022-08-05 17:18:38',NULL,NULL),(291,'Mad oro',0,0,0,NULL,291,'2022-08-05 17:18:38',NULL,NULL),(292,'mad tap nat',0,0,0,NULL,292,'2022-08-05 17:18:38',NULL,NULL),(293,'mad tap terra',0,0,0,NULL,293,'2022-08-05 17:18:38',NULL,NULL),(294,'mad terr',0,0,0,NULL,294,'2022-08-05 17:18:38',NULL,NULL),(295,'mad terra',0,0,0,NULL,295,'2022-08-05 17:18:38',NULL,NULL),(296,'madr bco',0,0,0,NULL,296,'2022-08-05 17:18:38',NULL,NULL),(297,'madr francia',0,0,0,NULL,297,'2022-08-05 17:18:38',NULL,NULL),(298,'Madran nat',0,0,0,NULL,298,'2022-08-05 17:18:38',NULL,NULL),(299,'Madras Crudo',0,0,0,NULL,299,'2022-08-05 17:18:38',NULL,NULL),(300,'Madras Terracota',0,0,0,NULL,300,'2022-08-05 17:18:38',NULL,NULL),(301,'madraz',0,0,0,NULL,301,'2022-08-05 17:18:38',NULL,NULL),(302,'madraz  manzana',0,0,0,NULL,302,'2022-08-05 17:18:38',NULL,NULL),(303,'madraz a cadena',0,0,0,NULL,303,'2022-08-05 17:18:38',NULL,NULL),(304,'madraz aerio',0,0,0,NULL,304,'2022-08-05 17:18:38',NULL,NULL),(305,'madraz aero',0,0,0,NULL,305,'2022-08-05 17:18:38',NULL,NULL),(306,'madraz azul',0,0,0,NULL,306,'2022-08-05 17:18:38',NULL,NULL),(307,'madraz bco',0,0,0,NULL,307,'2022-08-05 17:18:38',NULL,NULL),(308,'madraz bco y natural',0,0,0,NULL,308,'2022-08-05 17:18:38',NULL,NULL),(309,'madraz beige',0,0,0,NULL,309,'2022-08-05 17:18:38',NULL,NULL),(310,'madraz bko',0,0,0,NULL,310,'2022-08-05 17:18:38',NULL,NULL),(311,'madraz blanco',0,0,0,NULL,311,'2022-08-05 17:18:38',NULL,NULL),(312,'madraz choco',0,0,0,NULL,312,'2022-08-05 17:18:38',NULL,NULL),(313,'madraz crudo',0,0,0,NULL,313,'2022-08-05 17:18:38',NULL,NULL),(314,'madraz francia',0,0,0,NULL,314,'2022-08-05 17:18:38',NULL,NULL),(315,'madraz jorge',0,0,0,NULL,315,'2022-08-05 17:18:38',NULL,NULL),(316,'madraz jorge nat',0,0,0,NULL,316,'2022-08-05 17:18:38',NULL,NULL),(317,'madraz maiz',0,0,0,NULL,317,'2022-08-05 17:18:38',NULL,NULL),(318,'Madraz maiz cadena',0,0,0,NULL,318,'2022-08-05 17:18:38',NULL,NULL),(319,'madraz manz',0,0,0,NULL,319,'2022-08-05 17:18:38',NULL,NULL),(320,'madraz manzana',0,0,0,NULL,320,'2022-08-05 17:18:38',NULL,NULL),(321,'madraz marron',0,0,0,NULL,321,'2022-08-05 17:18:38',NULL,NULL),(322,'madraz nat',0,0,0,NULL,322,'2022-08-05 17:18:38',NULL,NULL),(323,'Madraz nat ( 260 * 2)',0,0,0,NULL,323,'2022-08-05 17:18:38',NULL,NULL),(324,'Madraz nat (2)',0,0,0,NULL,324,'2022-08-05 17:18:38',NULL,NULL),(325,'madraz nat jorge',0,0,0,NULL,325,'2022-08-05 17:18:38',NULL,NULL),(326,'madraz nat tapi',0,0,0,NULL,326,'2022-08-05 17:18:38',NULL,NULL),(327,'Madraz Nat Tapicero',0,0,0,NULL,327,'2022-08-05 17:18:38',NULL,NULL),(328,'madraz natu',0,0,0,NULL,328,'2022-08-05 17:18:38',NULL,NULL),(329,'madraz natu livian',0,0,0,NULL,329,'2022-08-05 17:18:38',NULL,NULL),(330,'madraz natur<a',0,0,0,NULL,330,'2022-08-05 17:18:38',NULL,NULL),(331,'madraz natura',0,0,0,NULL,331,'2022-08-05 17:18:38',NULL,NULL),(332,'Madraz natural',0,0,0,NULL,332,'2022-08-05 17:18:38',NULL,NULL),(333,'madraz natural a cadena',0,0,0,NULL,333,'2022-08-05 17:18:38',NULL,NULL),(334,'madraz natural cadena',0,0,0,NULL,334,'2022-08-05 17:18:38',NULL,NULL),(335,'madraz natural jorge',0,0,0,NULL,335,'2022-08-05 17:18:38',NULL,NULL),(336,'Madraz Natural Tap',0,0,0,NULL,336,'2022-08-05 17:18:38',NULL,NULL),(337,'madraz naturlsa',0,0,0,NULL,337,'2022-08-05 17:18:38',NULL,NULL),(338,'madraz naural tapicer',0,0,0,NULL,338,'2022-08-05 17:18:38',NULL,NULL),(339,'madraz nazana',0,0,0,NULL,339,'2022-08-05 17:18:38',NULL,NULL),(340,'Madraz oro',0,0,0,NULL,340,'2022-08-05 17:18:38',NULL,NULL),(341,'madraz tap',0,0,0,NULL,341,'2022-08-05 17:18:38',NULL,NULL),(342,'madraz tap malva',0,0,0,NULL,342,'2022-08-05 17:18:38',NULL,NULL),(343,'madraz tap nat',0,0,0,NULL,343,'2022-08-05 17:18:38',NULL,NULL),(344,'Madraz tap negro',0,0,0,NULL,344,'2022-08-05 17:18:38',NULL,NULL),(345,'madraz tap oro',0,0,0,NULL,345,'2022-08-05 17:18:38',NULL,NULL),(346,'madraz tapice natural',0,0,0,NULL,346,'2022-08-05 17:18:38',NULL,NULL),(347,'madraz tapicero',0,0,0,NULL,347,'2022-08-05 17:18:38',NULL,NULL),(348,'madraz tapicero nat',0,0,0,NULL,348,'2022-08-05 17:18:38',NULL,NULL),(349,'madraz terracota',0,0,0,NULL,349,'2022-08-05 17:18:38',NULL,NULL),(350,'madraz verde manzana',0,0,0,NULL,350,'2022-08-05 17:18:38',NULL,NULL),(351,'madraz violeta',0,0,0,NULL,351,'2022-08-05 17:18:38',NULL,NULL),(352,'madraz z a cadena',0,0,0,NULL,352,'2022-08-05 17:18:38',NULL,NULL),(353,'maiz',0,0,0,NULL,353,'2022-08-05 17:18:38',NULL,NULL),(354,'maiz manzana',0,0,0,NULL,354,'2022-08-05 17:18:38',NULL,NULL),(355,'malva',0,0,0,NULL,355,'2022-08-05 17:18:38',NULL,NULL),(356,'malva mad',0,0,0,NULL,356,'2022-08-05 17:18:38',NULL,NULL),(357,'malva madraz',0,0,0,NULL,357,'2022-08-05 17:18:38',NULL,NULL),(358,'malva mec',0,0,0,NULL,358,'2022-08-05 17:18:38',NULL,NULL),(359,'manzana',0,0,0,NULL,359,'2022-08-05 17:18:38',NULL,NULL),(360,'maraz azul',0,0,0,NULL,360,'2022-08-05 17:18:38',NULL,NULL),(361,'maraz bco',0,0,0,NULL,361,'2022-08-05 17:18:38',NULL,NULL),(362,'maril bco',0,0,0,NULL,362,'2022-08-05 17:18:38',NULL,NULL),(363,'marilia bca',0,0,0,NULL,363,'2022-08-05 17:18:38',NULL,NULL),(364,'marilia bco',0,0,0,NULL,364,'2022-08-05 17:18:38',NULL,NULL),(365,'Marilia Nat',0,0,0,NULL,365,'2022-08-05 17:18:38',NULL,NULL),(366,'marilia natural',0,0,0,NULL,366,'2022-08-05 17:18:38',NULL,NULL),(367,'marlia bca',0,0,0,NULL,367,'2022-08-05 17:18:38',NULL,NULL),(368,'marron',0,0,0,NULL,368,'2022-08-05 17:18:38',NULL,NULL),(369,'martin natural',0,0,0,NULL,369,'2022-08-05 17:18:38',NULL,NULL),(370,'me bco',0,0,0,NULL,370,'2022-08-05 17:18:38',NULL,NULL),(371,'mec',0,0,0,NULL,371,'2022-08-05 17:18:38',NULL,NULL),(372,'mec aero',0,0,0,NULL,372,'2022-08-05 17:18:38',NULL,NULL),(373,'mec azul',0,0,0,NULL,373,'2022-08-05 17:18:38',NULL,NULL),(374,'mec bco',0,0,0,NULL,374,'2022-08-05 17:18:38',NULL,NULL),(375,'mec beige',0,0,0,NULL,375,'2022-08-05 17:18:38',NULL,NULL),(376,'mec blanco',0,0,0,NULL,376,'2022-08-05 17:18:38',NULL,NULL),(377,'mec bordo',0,0,0,NULL,377,'2022-08-05 17:18:38',NULL,NULL),(378,'mec caamel',0,0,0,NULL,378,'2022-08-05 17:18:38',NULL,NULL),(379,'mec camel',0,0,0,NULL,379,'2022-08-05 17:18:38',NULL,NULL),(380,'mec lila',0,0,0,NULL,380,'2022-08-05 17:18:38',NULL,NULL),(381,'mec maiz',0,0,0,NULL,381,'2022-08-05 17:18:38',NULL,NULL),(382,'mec malva',0,0,0,NULL,382,'2022-08-05 17:18:38',NULL,NULL),(383,'mec manteca',0,0,0,NULL,383,'2022-08-05 17:18:38',NULL,NULL),(384,'mec manzana',0,0,0,NULL,384,'2022-08-05 17:18:38',NULL,NULL),(385,'mec marfil',0,0,0,NULL,385,'2022-08-05 17:18:38',NULL,NULL),(386,'mec marino',0,0,0,NULL,386,'2022-08-05 17:18:38',NULL,NULL),(387,'mec marron',0,0,0,NULL,387,'2022-08-05 17:18:38',NULL,NULL),(388,'mec naranja',0,0,0,NULL,388,'2022-08-05 17:18:38',NULL,NULL),(389,'mec nat',0,0,0,NULL,389,'2022-08-05 17:18:38',NULL,NULL),(390,'mec natural',0,0,0,NULL,390,'2022-08-05 17:18:38',NULL,NULL),(391,'mec negro',0,0,0,NULL,391,'2022-08-05 17:18:38',NULL,NULL),(392,'mec rojho',0,0,0,NULL,392,'2022-08-05 17:18:38',NULL,NULL),(393,'mec rojo',0,0,0,NULL,393,'2022-08-05 17:18:38',NULL,NULL),(394,'mec terracota',0,0,0,NULL,394,'2022-08-05 17:18:38',NULL,NULL),(395,'mec tiza',0,0,0,NULL,395,'2022-08-05 17:18:38',NULL,NULL),(396,'mec verde',0,0,0,NULL,396,'2022-08-05 17:18:38',NULL,NULL),(397,'mec violeta',0,0,0,NULL,397,'2022-08-05 17:18:38',NULL,NULL),(398,'mecanico',0,0,0,NULL,398,'2022-08-05 17:18:38',NULL,NULL),(399,'mecanico bco',0,0,0,NULL,399,'2022-08-05 17:18:38',NULL,NULL),(400,'Mecanico blanco',0,0,0,NULL,400,'2022-08-05 17:18:38',NULL,NULL),(401,'Mecanico natural',0,0,0,NULL,401,'2022-08-05 17:18:38',NULL,NULL),(402,'Mecanico tiza',0,0,0,NULL,402,'2022-08-05 17:18:38',NULL,NULL),(403,'metal',0,0,0,NULL,403,'2022-08-05 17:18:38',NULL,NULL),(404,'mevc manzana',0,0,0,NULL,404,'2022-08-05 17:18:38',NULL,NULL),(405,'Montova',0,0,0,NULL,405,'2022-08-05 17:18:38',NULL,NULL),(406,'montova blanco',0,0,0,NULL,406,'2022-08-05 17:18:38',NULL,NULL),(407,'montova natural',0,0,0,NULL,407,'2022-08-05 17:18:38',NULL,NULL),(408,'mostaza',0,0,0,NULL,408,'2022-08-05 17:18:38',NULL,NULL),(409,'motor screen',0,0,0,NULL,409,'2022-08-05 17:18:38',NULL,NULL),(410,'nat',0,0,0,NULL,410,'2022-08-05 17:18:38',NULL,NULL),(411,'Nat cad metal',0,0,0,NULL,411,'2022-08-05 17:18:38',NULL,NULL),(412,'nat tiziana',0,0,0,NULL,412,'2022-08-05 17:18:38',NULL,NULL),(413,'natural',0,0,0,NULL,413,'2022-08-05 17:18:38',NULL,NULL),(414,'negro',0,0,0,NULL,414,'2022-08-05 17:18:38',NULL,NULL),(415,'negro eco',0,0,0,NULL,415,'2022-08-05 17:18:38',NULL,NULL),(416,'nev bco',0,0,0,NULL,416,'2022-08-05 17:18:38',NULL,NULL),(417,'nevado bco',0,0,0,NULL,417,'2022-08-05 17:18:38',NULL,NULL),(418,'nilo bco',0,0,0,NULL,418,'2022-08-05 17:18:38',NULL,NULL),(419,'olivano natural',0,0,0,NULL,419,'2022-08-05 17:18:38',NULL,NULL),(420,'oro',0,0,0,NULL,420,'2022-08-05 17:18:38',NULL,NULL),(421,'oro madraz',0,0,0,NULL,421,'2022-08-05 17:18:38',NULL,NULL),(422,'pakermo nat',0,0,0,NULL,422,'2022-08-05 17:18:38',NULL,NULL),(423,'pakrermo nat',0,0,0,NULL,423,'2022-08-05 17:18:38',NULL,NULL),(424,'pal bco',0,0,0,NULL,424,'2022-08-05 17:18:38',NULL,NULL),(425,'Pal col nat',0,0,0,NULL,425,'2022-08-05 17:18:38',NULL,NULL),(426,'pal nat',0,0,0,NULL,426,'2022-08-05 17:18:38',NULL,NULL),(427,'pal o fioco bco',0,0,0,NULL,427,'2022-08-05 17:18:38',NULL,NULL),(428,'palemo bco',0,0,0,NULL,428,'2022-08-05 17:18:38',NULL,NULL),(429,'paler bco',0,0,0,NULL,429,'2022-08-05 17:18:38',NULL,NULL),(430,'Paler blanco',0,0,0,NULL,430,'2022-08-05 17:18:38',NULL,NULL),(431,'palermo',0,0,0,NULL,431,'2022-08-05 17:18:38',NULL,NULL),(432,'palermo bco',0,0,0,NULL,432,'2022-08-05 17:18:38',NULL,NULL),(433,'palermo bco a cadena',0,0,0,NULL,433,'2022-08-05 17:18:38',NULL,NULL),(434,'palermo bcoi',0,0,0,NULL,434,'2022-08-05 17:18:38',NULL,NULL),(435,'palermo nat',0,0,0,NULL,435,'2022-08-05 17:18:38',NULL,NULL),(436,'palermo nat y madraz nat',0,0,0,NULL,436,'2022-08-05 17:18:38',NULL,NULL),(437,'palermo natu',0,0,0,NULL,437,'2022-08-05 17:18:38',NULL,NULL),(438,'palermo natural',0,0,0,NULL,438,'2022-08-05 17:18:38',NULL,NULL),(439,'palermo rojo',0,0,0,NULL,439,'2022-08-05 17:18:38',NULL,NULL),(440,'palermo???',0,0,0,NULL,440,'2022-08-05 17:18:38',NULL,NULL),(441,'pan',0,0,0,NULL,441,'2022-08-05 17:18:38',NULL,NULL),(442,'pan bco',0,0,0,NULL,442,'2022-08-05 17:18:38',NULL,NULL),(443,'pan nat',0,0,0,NULL,443,'2022-08-05 17:18:38',NULL,NULL),(444,'Pana bco',0,0,0,NULL,444,'2022-08-05 17:18:38',NULL,NULL),(445,'pana nat',0,0,0,NULL,445,'2022-08-05 17:18:38',NULL,NULL),(446,'panam',0,0,0,NULL,446,'2022-08-05 17:18:38',NULL,NULL),(447,'panam bca',0,0,0,NULL,447,'2022-08-05 17:18:38',NULL,NULL),(448,'panam bcoj',0,0,0,NULL,448,'2022-08-05 17:18:38',NULL,NULL),(449,'panama',0,0,0,NULL,449,'2022-08-05 17:18:38',NULL,NULL),(450,'Panama 300 +30',0,0,0,NULL,450,'2022-08-05 17:18:38',NULL,NULL),(451,'panama bco',0,0,0,NULL,451,'2022-08-05 17:18:38',NULL,NULL),(452,'panama bcoj',0,0,0,NULL,452,'2022-08-05 17:18:38',NULL,NULL),(453,'panama blanco',0,0,0,NULL,453,'2022-08-05 17:18:38',NULL,NULL),(454,'Panama Mna',0,0,0,NULL,454,'2022-08-05 17:18:38',NULL,NULL),(455,'panama Nat',0,0,0,NULL,455,'2022-08-05 17:18:38',NULL,NULL),(456,'Panama rojo',0,0,0,NULL,456,'2022-08-05 17:18:38',NULL,NULL),(457,'panamaj bco',0,0,0,NULL,457,'2022-08-05 17:18:38',NULL,NULL),(458,'percal bco',0,0,0,NULL,458,'2022-08-05 17:18:38',NULL,NULL),(459,'percale bco',0,0,0,NULL,459,'2022-08-05 17:18:38',NULL,NULL),(460,'pistachio',0,0,0,NULL,460,'2022-08-05 17:18:38',NULL,NULL),(461,'poliester',0,0,0,NULL,461,'2022-08-05 17:18:38',NULL,NULL),(462,'ponche',0,0,0,NULL,462,'2022-08-05 17:18:38',NULL,NULL),(463,'ponche bco',0,0,0,NULL,463,'2022-08-05 17:18:38',NULL,NULL),(464,'Raf bca',0,0,0,NULL,464,'2022-08-05 17:18:38',NULL,NULL),(465,'raf bco',0,0,0,NULL,465,'2022-08-05 17:18:38',NULL,NULL),(466,'raf nat',0,0,0,NULL,466,'2022-08-05 17:18:38',NULL,NULL),(467,'raf natu',0,0,0,NULL,467,'2022-08-05 17:18:38',NULL,NULL),(468,'rafa',0,0,0,NULL,468,'2022-08-05 17:18:38',NULL,NULL),(469,'rafi',0,0,0,NULL,469,'2022-08-05 17:18:38',NULL,NULL),(470,'rafi nat',0,0,0,NULL,470,'2022-08-05 17:18:38',NULL,NULL),(471,'Rafia',0,0,0,NULL,471,'2022-08-05 17:18:38',NULL,NULL),(472,'rafia  natural',0,0,0,NULL,472,'2022-08-05 17:18:38',NULL,NULL),(473,'rafia bca',0,0,0,NULL,473,'2022-08-05 17:18:38',NULL,NULL),(474,'rafia bca  cadena',0,0,0,NULL,474,'2022-08-05 17:18:38',NULL,NULL),(475,'rafia bca a cadena',0,0,0,NULL,475,'2022-08-05 17:18:38',NULL,NULL),(476,'rafia bco',0,0,0,NULL,476,'2022-08-05 17:18:38',NULL,NULL),(477,'Rafia bco rustica',0,0,0,NULL,477,'2022-08-05 17:18:38',NULL,NULL),(478,'rafia blanca',0,0,0,NULL,478,'2022-08-05 17:18:38',NULL,NULL),(479,'rafia blancoa',0,0,0,NULL,479,'2022-08-05 17:18:38',NULL,NULL),(480,'rafia nat',0,0,0,NULL,480,'2022-08-05 17:18:38',NULL,NULL),(481,'rafia nat cadena',0,0,0,NULL,481,'2022-08-05 17:18:38',NULL,NULL),(482,'rafia nat recuadr beige',0,0,0,NULL,482,'2022-08-05 17:18:38',NULL,NULL),(483,'rafia natu',0,0,0,NULL,483,'2022-08-05 17:18:38',NULL,NULL),(484,'rafia natuiral',0,0,0,NULL,484,'2022-08-05 17:18:38',NULL,NULL),(485,'rafia natura',0,0,0,NULL,485,'2022-08-05 17:18:38',NULL,NULL),(486,'rafia natural',0,0,0,NULL,486,'2022-08-05 17:18:38',NULL,NULL),(487,'rafia natural a acadena',0,0,0,NULL,487,'2022-08-05 17:18:38',NULL,NULL),(488,'rafia natural cadena',0,0,0,NULL,488,'2022-08-05 17:18:38',NULL,NULL),(489,'rafia naturla',0,0,0,NULL,489,'2022-08-05 17:18:38',NULL,NULL),(490,'rafia negra',0,0,0,NULL,490,'2022-08-05 17:18:38',NULL,NULL),(491,'rafia o madraz',0,0,0,NULL,491,'2022-08-05 17:18:38',NULL,NULL),(492,'rafia roja',0,0,0,NULL,492,'2022-08-05 17:18:38',NULL,NULL),(493,'Rafia rustica boc',0,0,0,NULL,493,'2022-08-05 17:18:38',NULL,NULL),(494,'ratier natural',0,0,0,NULL,494,'2022-08-05 17:18:38',NULL,NULL),(495,'ratier oro',0,0,0,NULL,495,'2022-08-05 17:18:38',NULL,NULL),(496,'Ratier terracota',0,0,0,NULL,496,'2022-08-05 17:18:38',NULL,NULL),(497,'re bco',0,0,0,NULL,497,'2022-08-05 17:18:38',NULL,NULL),(498,'riel',0,0,0,NULL,498,'2022-08-05 17:18:38',NULL,NULL),(499,'roller',0,0,0,NULL,499,'2022-08-05 17:18:38',NULL,NULL),(500,'roller screem negro',0,0,0,NULL,500,'2022-08-05 17:18:38',NULL,NULL),(501,'Roller screen bco c/metal +3',0,0,0,NULL,501,'2022-08-05 17:18:38',NULL,NULL),(502,'Roller screen nat',0,0,0,NULL,502,'2022-08-05 17:18:38',NULL,NULL),(503,'rosa viejo',0,0,0,NULL,503,'2022-08-05 17:18:38',NULL,NULL),(504,'ross lila',0,0,0,NULL,504,'2022-08-05 17:18:38',NULL,NULL),(505,'sabl2348 bco',0,0,0,NULL,505,'2022-08-05 17:18:38',NULL,NULL),(506,'scr gris',0,0,0,NULL,506,'2022-08-05 17:18:38',NULL,NULL),(507,'scre bco',0,0,0,NULL,507,'2022-08-05 17:18:38',NULL,NULL),(508,'scree',0,0,0,NULL,508,'2022-08-05 17:18:38',NULL,NULL),(509,'scree bco',0,0,0,NULL,509,'2022-08-05 17:18:38',NULL,NULL),(510,'scree gris con blanco',0,0,0,NULL,510,'2022-08-05 17:18:38',NULL,NULL),(511,'scree natu',0,0,0,NULL,511,'2022-08-05 17:18:38',NULL,NULL),(512,'screen',0,0,0,NULL,512,'2022-08-05 17:18:38',NULL,NULL),(513,'screen  bco',0,0,0,NULL,513,'2022-08-05 17:18:38',NULL,NULL),(514,'screen 5%',0,0,0,NULL,514,'2022-08-05 17:18:38',NULL,NULL),(515,'screen bca y natural',0,0,0,NULL,515,'2022-08-05 17:18:38',NULL,NULL),(516,'screen bco',0,0,0,NULL,516,'2022-08-05 17:18:38',NULL,NULL),(517,'screen bco + 3',0,0,0,NULL,517,'2022-08-05 17:18:38',NULL,NULL),(518,'screen bco con beige',0,0,0,NULL,518,'2022-08-05 17:18:38',NULL,NULL),(519,'screen bco plastico',0,0,0,NULL,519,'2022-08-05 17:18:38',NULL,NULL),(520,'screen bcp',0,0,0,NULL,520,'2022-08-05 17:18:38',NULL,NULL),(521,'screen beige',0,0,0,NULL,521,'2022-08-05 17:18:38',NULL,NULL),(522,'screen beige bco',0,0,0,NULL,522,'2022-08-05 17:18:38',NULL,NULL),(523,'screen beige c bco',0,0,0,NULL,523,'2022-08-05 17:18:38',NULL,NULL),(524,'screen beige con bco',0,0,0,NULL,524,'2022-08-05 17:18:38',NULL,NULL),(525,'screen beige con blanco',0,0,0,NULL,525,'2022-08-05 17:18:38',NULL,NULL),(526,'screen beige metal',0,0,0,NULL,526,'2022-08-05 17:18:38',NULL,NULL),(527,'Screen beige/blancom',0,0,0,NULL,527,'2022-08-05 17:18:38',NULL,NULL),(528,'screen bko',0,0,0,NULL,528,'2022-08-05 17:18:38',NULL,NULL),(529,'Screen Blanca',0,0,0,NULL,529,'2022-08-05 17:18:38',NULL,NULL),(530,'Screen blanco',0,0,0,NULL,530,'2022-08-05 17:18:38',NULL,NULL),(531,'screen con metal nat',0,0,0,NULL,531,'2022-08-05 17:18:38',NULL,NULL),(532,'screen gris',0,0,0,NULL,532,'2022-08-05 17:18:38',NULL,NULL),(533,'screen gris bco',0,0,0,NULL,533,'2022-08-05 17:18:38',NULL,NULL),(534,'screen gris con bco',0,0,0,NULL,534,'2022-08-05 17:18:38',NULL,NULL),(535,'screen gris con beige',0,0,0,NULL,535,'2022-08-05 17:18:38',NULL,NULL),(536,'Screen Gris con Blanco',0,0,0,NULL,536,'2022-08-05 17:18:38',NULL,NULL),(537,'screen gris con blanco 105+3',0,0,0,NULL,537,'2022-08-05 17:18:38',NULL,NULL),(538,'screen gris/bco',0,0,0,NULL,538,'2022-08-05 17:18:38',NULL,NULL),(539,'screen griss',0,0,0,NULL,539,'2022-08-05 17:18:38',NULL,NULL),(540,'screen griss con bco',0,0,0,NULL,540,'2022-08-05 17:18:38',NULL,NULL),(541,'screen marron',0,0,0,NULL,541,'2022-08-05 17:18:38',NULL,NULL),(542,'screen nat',0,0,0,NULL,542,'2022-08-05 17:18:38',NULL,NULL),(543,'Screen Natural',0,0,0,NULL,543,'2022-08-05 17:18:38',NULL,NULL),(544,'screen negro',0,0,0,NULL,544,'2022-08-05 17:18:38',NULL,NULL),(545,'screen tiza',0,0,0,NULL,545,'2022-08-05 17:18:38',NULL,NULL),(546,'screennat bco',0,0,0,NULL,546,'2022-08-05 17:18:38',NULL,NULL),(547,'scren bco',0,0,0,NULL,547,'2022-08-05 17:18:38',NULL,NULL),(548,'scren gris',0,0,0,NULL,548,'2022-08-05 17:18:38',NULL,NULL),(549,'screnn bco',0,0,0,NULL,549,'2022-08-05 17:18:38',NULL,NULL),(550,'screnn beige',0,0,0,NULL,550,'2022-08-05 17:18:38',NULL,NULL),(551,'scrren bco',0,0,0,NULL,551,'2022-08-05 17:18:38',NULL,NULL),(552,'t-o vinilico. bko',0,0,0,NULL,552,'2022-08-05 17:18:38',NULL,NULL),(553,'terra',0,0,0,NULL,553,'2022-08-05 17:18:38',NULL,NULL),(554,'terracota',0,0,0,NULL,554,'2022-08-05 17:18:38',NULL,NULL),(555,'terracota crepe',0,0,0,NULL,555,'2022-08-05 17:18:38',NULL,NULL),(556,'tiza',0,0,0,NULL,556,'2022-08-05 17:18:38',NULL,NULL),(557,'verde ingles',0,0,0,NULL,557,'2022-08-05 17:18:38',NULL,NULL),(558,'verde manzana mec',0,0,0,NULL,558,'2022-08-05 17:18:38',NULL,NULL),(559,'verona bco',0,0,0,NULL,559,'2022-08-05 17:18:38',NULL,NULL),(560,'verona nat',0,0,0,NULL,560,'2022-08-05 17:18:38',NULL,NULL),(561,'verona natu',0,0,0,NULL,561,'2022-08-05 17:18:38',NULL,NULL),(562,'verona natural',0,0,0,NULL,562,'2022-08-05 17:18:38',NULL,NULL),(563,'vin bco',0,0,0,NULL,563,'2022-08-05 17:18:38',NULL,NULL),(564,'vinilico bco',0,0,0,NULL,564,'2022-08-05 17:18:38',NULL,NULL),(565,'vinilico natural',0,0,0,NULL,565,'2022-08-05 17:18:38',NULL,NULL),(566,'visillo bko',0,0,0,NULL,566,'2022-08-05 17:18:38',NULL,NULL),(567,'vo482228',0,0,0,NULL,567,'2022-08-05 17:18:38',NULL,NULL),(568,'vobl2501',0,0,0,NULL,568,'2022-08-05 17:18:38',NULL,NULL),(569,'voil bco',0,0,0,NULL,569,'2022-08-05 17:18:38',NULL,NULL),(570,'voile',0,0,0,NULL,570,'2022-08-05 17:18:38',NULL,NULL),(571,'voile baco',0,0,0,NULL,571,'2022-08-05 17:18:38',NULL,NULL),(572,'voile bco',0,0,0,NULL,572,'2022-08-05 17:18:38',NULL,NULL),(573,'voile d hilo bco',0,0,0,NULL,573,'2022-08-05 17:18:38',NULL,NULL),(574,'voile de hilo',0,0,0,NULL,574,'2022-08-05 17:18:38',NULL,NULL),(575,'voile de hilo  natural',0,0,0,NULL,575,'2022-08-05 17:18:38',NULL,NULL),(576,'voile de hilo bco',0,0,0,NULL,576,'2022-08-05 17:18:38',NULL,NULL),(577,'Voile de hilo verde',0,0,0,NULL,577,'2022-08-05 17:18:38',NULL,NULL),(578,'voile de huilo bco',0,0,0,NULL,578,'2022-08-05 17:18:38',NULL,NULL),(579,'voile especial de hilo',0,0,0,NULL,579,'2022-08-05 17:18:38',NULL,NULL),(580,'Voile H. Bco',0,0,0,NULL,580,'2022-08-05 17:18:38',NULL,NULL),(581,'voile hilo bco',0,0,0,NULL,581,'2022-08-05 17:18:38',NULL,NULL),(582,'voile hilo bco niza',0,0,0,NULL,582,'2022-08-05 17:18:38',NULL,NULL),(583,'Voile hilo blanco',0,0,0,NULL,583,'2022-08-05 17:18:38',NULL,NULL),(584,'voile hilo lila',0,0,0,NULL,584,'2022-08-05 17:18:38',NULL,NULL),(585,'voile hilo nat',0,0,0,NULL,585,'2022-08-05 17:18:38',NULL,NULL),(586,'voile nat',0,0,0,NULL,586,'2022-08-05 17:18:38',NULL,NULL),(587,'Voile Natural',0,0,0,NULL,587,'2022-08-05 17:18:38',NULL,NULL),(588,'voile triple niza',0,0,0,NULL,588,'2022-08-05 17:18:38',NULL,NULL),(589,'voli bco',0,0,0,NULL,589,'2022-08-05 17:18:38',NULL,NULL),(590,'volie bco',0,0,0,NULL,590,'2022-08-05 17:18:38',NULL,NULL),(591,'volie de hilo bco',0,0,0,NULL,591,'2022-08-05 17:18:38',NULL,NULL),(592,'volie hilo bco',0,0,0,NULL,592,'2022-08-05 17:18:38',NULL,NULL),(593,'vomf2317',0,0,0,NULL,593,'2022-08-05 17:18:38',NULL,NULL),(594,'zoe natural',0,0,0,NULL,594,'2022-08-05 17:18:38',NULL,NULL),(595,'+ 3',0,0,0,NULL,595,'2022-08-05 17:18:38',NULL,NULL),(596,'+3',0,0,0,NULL,596,'2022-08-05 17:18:38',NULL,NULL),(597,'+ 20 %',0,0,0,NULL,597,'2022-08-05 17:18:38',NULL,NULL),(598,'Fioco',0,1,0,NULL,598,'2022-08-05 17:18:38','2022-08-08 17:00:10',NULL),(599,'Screen',0,1,250,NULL,599,'2022-08-05 17:18:38',NULL,NULL),(600,'Blackout Standard',0,1,220,NULL,600,'2022-08-05 17:18:38',NULL,NULL),(601,'Gross',0,1,0,NULL,601,'2022-08-05 17:18:38',NULL,NULL),(602,'BKO USA',0,1,0,NULL,602,'2022-08-05 17:18:38',NULL,NULL),(603,'Madraz Liviano',0,1,0,NULL,603,'2022-08-05 17:18:38',NULL,NULL),(604,'Congo',0,1,0,NULL,604,'2022-08-05 17:18:38',NULL,NULL),(605,'Voile Hilo',0,1,0,NULL,605,'2022-08-05 17:18:38',NULL,NULL),(606,'0.4% Screen',0,0,0,NULL,606,'2022-08-05 17:18:38',NULL,NULL),(607,'Bruselas',0,0,0,NULL,607,'2022-08-05 17:18:38',NULL,NULL),(608,'Panama',0,0,0,NULL,608,'2022-08-05 17:18:38',NULL,NULL),(609,'Eucalin',0,1,0,NULL,609,'2022-08-05 17:18:38',NULL,NULL),(610,'Palermo',0,1,0,NULL,610,'2022-08-05 17:18:38',NULL,NULL),(611,'Voile Hilo Cor',0,0,0,NULL,611,'2022-08-05 17:18:38',NULL,NULL),(612,'Screen y Black Out',0,0,0,NULL,612,'2022-08-05 17:18:38',NULL,NULL),(613,'Ibera',0,0,0,NULL,613,'2022-08-05 17:18:38',NULL,NULL),(614,'Cachi',0,0,0,NULL,614,'2022-08-05 17:18:38',NULL,NULL),(615,'Cram 2672',0,0,0,NULL,615,'2022-08-05 17:18:38',NULL,NULL),(616,'Ambl 2662',0,0,0,NULL,616,'2022-08-05 17:18:38',NULL,NULL),(617,'Cato 2547',0,0,0,NULL,617,'2022-08-05 17:18:38',NULL,NULL),(618,'Crepe',0,1,0,NULL,618,'2022-08-05 17:18:38',NULL,NULL),(619,'calabria',0,0,0,NULL,619,'2022-08-05 17:18:38',NULL,NULL),(620,'cancun',0,0,0,NULL,620,'2022-08-05 17:18:38',NULL,NULL),(621,'Crash Vomfe 501',0,0,0,NULL,621,'2022-08-05 17:18:38',NULL,NULL),(622,'Tapicero Madraz',0,1,0,NULL,622,'2022-08-05 17:18:38',NULL,NULL),(623,'Bermejo BECR2677',0,0,0,NULL,623,'2022-08-05 17:18:38',NULL,NULL),(624,'Marilia',0,1,0,NULL,624,'2022-08-05 17:18:38',NULL,NULL),(625,'cato2548',0,0,0,NULL,625,'2022-08-05 17:18:38',NULL,NULL),(626,'Ninguno',0,1,0,NULL,626,'2022-08-05 17:18:38',NULL,NULL),(627,'Voile Tri',0,0,0,NULL,627,'2022-08-05 17:18:38',NULL,NULL),(628,'Crash Castilla',0,0,0,NULL,628,'2022-08-05 17:18:38',NULL,NULL),(629,'Ninguno',0,0,0,NULL,629,'2022-08-05 17:18:38',NULL,NULL),(630,'SIN REGISTRO',0,0,0,NULL,NULL,'2022-08-05 17:18:38',NULL,NULL),(631,'Etamina',0,1,0,NULL,631,'2022-08-05 17:18:38',NULL,NULL),(632,'Eclipse',0,1,200,1,632,'2022-08-05 17:18:38','2023-06-13 20:49:28',NULL),(633,'Madraz Milber',0,0,0,NULL,633,'2022-08-05 17:18:38',NULL,NULL),(634,'voile catilla blanco',0,0,0,NULL,634,'2022-08-05 17:18:38',NULL,NULL),(635,'voile castilla marfil',0,0,0,NULL,635,'2022-08-05 17:18:38',NULL,NULL),(636,'amazonia ambe2662',0,0,0,NULL,636,'2022-08-05 17:18:38',NULL,NULL),(637,'NINGUNA',0,0,0,NULL,637,'2022-08-05 17:18:38',NULL,NULL),(638,'Flores',0,0,0,NULL,638,'2022-08-05 17:18:38',NULL,NULL),(639,'flores negras',0,0,0,NULL,639,'2022-08-05 17:18:38',NULL,NULL),(640,'plastificada',0,0,0,NULL,640,'2022-08-05 17:18:38',NULL,NULL),(641,'parana pacr2549',0,0,0,NULL,641,'2022-08-05 17:18:38',NULL,NULL),(642,'panama rayas 1478/03',0,0,0,NULL,642,'2022-08-05 17:18:38',NULL,NULL),(643,'Bengalina',0,0,0,NULL,643,'2022-08-05 17:18:38',NULL,NULL),(644,'Nilo',0,1,0,NULL,644,'2022-08-05 17:18:38',NULL,NULL),(645,'No se',0,0,0,NULL,645,'2022-08-05 17:18:38',NULL,NULL),(646,'cuerina',0,0,0,NULL,646,'2022-08-05 17:18:38',NULL,NULL),(647,'Voile Escoces',0,1,0,NULL,647,'2022-08-05 17:18:38',NULL,NULL),(648,'voile super tergal1002',0,0,0,NULL,648,'2022-08-05 17:18:38',NULL,NULL),(649,'EUCA/GROSS',0,0,0,NULL,649,'2022-08-05 17:18:38',NULL,NULL),(650,'Madraz/Gross',0,0,0,NULL,650,'2022-08-05 17:18:38',NULL,NULL),(651,'Impresa Microperforada',0,1,0,NULL,651,'2022-08-05 17:18:38',NULL,NULL),(652,'Voile Niza',0,0,0,NULL,652,'2022-08-05 17:18:38',NULL,NULL),(653,'propio',0,0,0,NULL,653,'2022-08-05 17:18:38',NULL,NULL),(654,'Percal 144',0,0,0,NULL,654,'2022-08-05 17:18:38',NULL,NULL),(655,'SIN REGISTRO',0,0,0,NULL,NULL,'2022-08-05 17:18:38',NULL,NULL),(656,'Blackout Premium',0,1,0,NULL,656,'2022-08-05 17:18:38',NULL,NULL),(657,'Amazonia',0,1,0,NULL,657,'2022-08-05 17:18:38',NULL,NULL),(658,'Blackout Textil',0,1,0,NULL,658,'2022-08-05 17:18:38',NULL,NULL),(659,'Mecanico',0,0,0,NULL,659,'2022-08-05 17:18:38',NULL,NULL),(660,'Screen Impreso',0,0,0,NULL,660,'2022-08-05 17:18:38',NULL,NULL),(661,'ratier',0,0,0,NULL,661,'2022-08-05 17:18:38',NULL,NULL),(662,'Botone',0,1,0,NULL,662,'2022-08-05 17:18:38',NULL,NULL),(663,'Crash',0,1,0,NULL,663,'2022-08-05 17:18:38',NULL,NULL),(664,'frei1',0,0,0,NULL,664,'2022-08-05 17:18:38',NULL,NULL),(665,'SIN REGISTRO',0,0,0,NULL,NULL,'2022-08-05 17:18:38',NULL,NULL),(666,'Panama rojo/gross blanco',0,0,0,NULL,666,'2022-08-05 17:18:38',NULL,NULL),(667,'Impreso Blackout',0,1,0,NULL,667,'2022-08-05 17:18:38',NULL,NULL),(668,'cliente',0,0,0,NULL,668,'2022-08-05 17:18:38',NULL,NULL),(669,'Kenia',0,1,200,NULL,669,'2022-08-05 17:18:38',NULL,NULL),(670,'Belgica',0,1,200,NULL,670,'2022-08-05 17:18:38','2022-08-08 17:03:11',NULL),(671,'BKO COMBINADO',0,0,0,NULL,671,'2022-08-05 17:18:38',NULL,NULL),(672,'Gaza de Voile',0,1,0,NULL,672,'2022-08-05 17:18:38',NULL,NULL),(673,'Hojas',0,0,0,NULL,673,'2022-08-05 17:18:38',NULL,NULL),(674,'SIN REGISTRO',0,0,0,NULL,NULL,'2022-08-05 17:18:38',NULL,NULL),(675,'Rafia leve',0,0,0,NULL,675,'2022-08-05 17:18:38',NULL,NULL),(676,'Simple Eclipse',0,1,0,NULL,676,'2022-08-05 17:18:38',NULL,NULL),(677,'Palermin',0,0,0,NULL,677,'2022-08-05 17:18:38',NULL,NULL),(678,'Voile Mirvel 1254 / 01',0,0,0,NULL,678,'2022-08-05 17:18:38',NULL,NULL),(679,'Etamina Fant. Blanco 1355/01',0,0,0,NULL,679,'2022-08-05 17:18:38',NULL,NULL),(680,'Angola',0,1,0,NULL,680,'2022-08-05 17:18:38',NULL,NULL),(681,'4Congo /4Screen',0,0,0,NULL,681,'2022-08-05 17:18:38',NULL,NULL),(682,'2 Congo y 3 Screen',0,0,0,NULL,682,'2022-08-05 17:18:38',NULL,NULL),(683,'1% Screen',0,0,0,NULL,683,'2022-08-05 17:18:38',NULL,NULL),(684,'crepe fantasia',0,0,0,NULL,684,'2022-08-05 17:18:38',NULL,NULL),(685,'Gross/tapicero',0,0,0,NULL,685,'2022-08-05 17:18:38',NULL,NULL),(686,'2 Congo Marron 3  Bca Amazonia',0,0,0,NULL,686,'2022-08-05 17:18:38',NULL,NULL),(687,'Amazonia/Congo',0,0,0,NULL,687,'2022-08-05 17:18:38',NULL,NULL),(688,'California rustica  crca2673',0,0,0,NULL,688,'2022-08-05 17:18:38',NULL,NULL),(689,'Parana',0,0,0,NULL,689,'2022-08-05 17:18:38',NULL,NULL),(690,'Bko Tela',0,0,0,NULL,690,'2022-08-05 17:18:38',NULL,NULL),(691,'congo/screen/belgica /screen',0,0,0,NULL,691,'2022-08-05 17:18:38',NULL,NULL),(692,'Angolabko',0,1,0,NULL,692,'2022-08-05 17:18:38',NULL,NULL),(693,'voile',0,0,0,NULL,693,'2022-08-05 17:18:38',NULL,NULL),(694,'1004/01voile',0,0,0,NULL,694,'2022-08-05 17:18:38',NULL,NULL),(695,'1876/04 gross beige',0,0,0,NULL,695,'2022-08-05 17:18:38',NULL,NULL),(696,'1258/16 voile meridia',0,0,0,NULL,696,'2022-08-05 17:18:38',NULL,NULL),(697,'BKO impreso',0,0,0,NULL,697,'2022-08-05 17:18:38',NULL,NULL),(698,'BKO Caballo',0,0,0,NULL,698,'2022-08-05 17:18:38',NULL,NULL),(699,'BKO Flor',0,0,0,NULL,699,'2022-08-05 17:18:38',NULL,NULL),(700,'Voile de lino',0,0,0,NULL,700,'2022-08-05 17:18:38',NULL,NULL),(701,'Amazonia Blanda',0,0,0,NULL,701,'2022-08-05 17:18:38',NULL,NULL),(702,'Batista',0,0,0,NULL,702,'2022-08-05 17:18:38',NULL,NULL),(703,'Color Gross',0,1,0,NULL,703,'2022-08-05 17:18:38',NULL,NULL),(704,'Color Tapicero Madraz',180,1,0,NULL,704,'2022-08-05 17:18:38',NULL,NULL),(705,'Lienzo',0,0,0,NULL,705,'2022-08-05 17:18:38',NULL,NULL),(706,'Andorra',0,0,0,NULL,706,'2022-08-05 17:18:38',NULL,NULL),(707,'Otras Telas',225,1,0,NULL,707,'2022-08-05 17:18:38',NULL,NULL),(708,'cliente',0,0,0,NULL,708,'2022-08-05 17:18:38',NULL,NULL),(709,'MUSELINA',0,0,0,NULL,709,'2022-08-05 17:18:38',NULL,NULL),(710,'FIOCO/KENIA/CONGO',0,0,0,NULL,710,'2022-08-05 17:18:38',NULL,NULL),(711,'Voile Crepe Flame',0,0,0,NULL,711,'2022-08-05 17:18:38',NULL,NULL),(712,'Voile crash',0,0,0,NULL,712,'2022-08-05 17:18:38',NULL,NULL),(713,'Ibiza',289,1,200,NULL,713,'2022-08-05 17:18:38',NULL,NULL),(714,'palermin',0,0,0,NULL,714,'2022-08-05 17:18:38',NULL,NULL),(715,'screen/congo',0,0,0,NULL,715,'2022-08-05 17:18:38',NULL,NULL),(716,'Amsterdam',0,0,0,NULL,716,'2022-08-05 17:18:38',NULL,NULL),(717,'1477-03',0,0,0,NULL,717,'2022-08-05 17:18:38',NULL,NULL),(718,'BKO Stone',0,0,0,NULL,718,'2022-08-05 17:18:38',NULL,NULL),(719,'7% Screen',0,1,0,NULL,719,'2022-08-05 17:18:38',NULL,NULL),(720,'ML Palermo',140,1,0,NULL,720,'2022-08-05 17:18:38',NULL,NULL),(721,'ML Voile',130,1,0,NULL,721,'2022-08-05 17:18:38',NULL,NULL),(722,'Lino rustico cerdea',0,0,0,NULL,722,'2022-08-05 17:18:38',NULL,NULL),(723,'Palermo 1',0,0,0,NULL,723,'2022-08-05 17:18:38',NULL,NULL),(724,'Uganda',0,0,0,NULL,724,'2022-08-05 17:18:38',NULL,NULL),(725,'Gross Caqui',0,0,0,NULL,725,'2022-08-05 17:18:38',NULL,NULL),(726,'900-10 amazonia',0,0,0,NULL,726,'2022-08-05 17:18:38',NULL,NULL),(727,'congo.kenia /screen',0,0,0,NULL,727,'2022-08-05 17:18:38',NULL,NULL),(728,'kenia/amazonia',0,0,0,NULL,728,'2022-08-05 17:18:38',NULL,NULL),(729,'2 ibiza/2 screen',0,0,0,NULL,729,'2022-08-05 17:18:38',NULL,NULL),(730,'Marsella',0,1,250,1,730,'2022-08-05 17:18:38','2023-06-16 13:40:33',NULL),(731,'Blackout Premium',0,0,250,NULL,731,'2022-08-05 17:18:38',NULL,NULL),(732,'Blackout Palupoli',0,0,0,NULL,732,'2022-08-05 17:18:38',NULL,NULL),(733,'euca liviano',0,0,0,NULL,733,'2022-08-05 17:18:38',NULL,NULL),(734,'tropical',0,0,0,NULL,734,'2022-08-05 17:18:38',NULL,NULL),(735,'belgica blanco/bel nat/screen nat',0,0,0,NULL,735,'2022-08-05 17:18:38',NULL,NULL),(736,'Duo Eclipse',0,0,0,NULL,736,'2022-08-05 17:18:38',NULL,NULL),(737,'Simple Eclipse Duo',0,0,0,NULL,737,'2022-08-05 17:18:38',NULL,NULL),(738,'KENIA BCO/BELG BCO/BELG MARRON',0,0,0,NULL,738,'2022-08-05 17:18:38',NULL,NULL),(739,'Belgrano',0,0,0,NULL,739,'2022-08-05 17:18:38',NULL,NULL),(740,'2kenia/2congo',0,0,0,NULL,740,'2022-08-05 17:18:38',NULL,NULL),(741,'Belgica/screen',0,0,0,NULL,741,'2022-08-05 17:18:38',NULL,NULL),(742,'belgica nat/kenia blanco/screen nat',0,0,0,NULL,742,'2022-08-05 17:18:38',NULL,NULL),(743,'Blackout fibra de vidrio',0,0,0,NULL,743,'2022-08-05 17:18:38',NULL,NULL),(744,'2da Screen',0,1,0,NULL,744,'2022-08-05 17:18:38',NULL,NULL),(745,'Venecia Blackout',0,1,250,NULL,745,'2022-08-05 17:18:38',NULL,NULL),(746,'Paris',0,1,250,NULL,746,'2022-08-05 17:18:38',NULL,NULL),(747,'Monaco',0,1,250,NULL,747,'2022-08-05 17:18:38',NULL,NULL),(748,'Noruega',0,1,200,NULL,748,'2022-08-05 17:18:38',NULL,NULL),(749,'Blackout sunset',0,0,0,NULL,749,'2022-08-05 17:18:38',NULL,NULL),(750,'screen/monaco/paris',0,0,0,NULL,750,'2022-08-05 17:18:38',NULL,NULL),(751,'screen bco /noruega/screen negro',0,0,0,NULL,751,'2022-08-05 17:18:38',NULL,NULL),(752,'voile amazon',0,0,0,NULL,752,'2022-08-05 17:18:38',NULL,NULL),(753,'Jeannette BKO',0,0,0,NULL,753,'2022-08-05 17:18:38',NULL,NULL),(754,'pana gris Nickel',0,0,0,NULL,754,'2022-08-05 17:18:38',NULL,NULL),(755,'BKO text bco',0,0,0,NULL,755,'2022-08-05 17:18:38',NULL,NULL),(756,'bko/tela negra',0,0,0,NULL,756,'2022-08-05 17:18:38',NULL,NULL),(757,'pana',0,0,0,NULL,757,'2022-08-05 17:18:38',NULL,NULL),(758,'Crepe para forrar',0,0,0,NULL,758,'2022-08-05 17:18:38',NULL,NULL),(759,'Pana forrada negro',0,0,0,NULL,759,'2022-08-05 17:18:38',NULL,NULL),(760,'crepe de atras',0,0,0,NULL,760,'2022-08-05 17:18:38',NULL,NULL),(761,'BKo bco forrado',0,0,0,NULL,761,'2022-08-05 17:18:38',NULL,NULL),(762,'Verona Blackout',0,0,0,NULL,762,'2022-08-05 17:18:38',NULL,NULL),(763,'BKO Textil entelado',0,0,0,NULL,763,'2022-08-05 17:18:38',NULL,NULL);
/*!40000 ALTER TABLE `Cloths` ENABLE KEYS */;
UNLOCK TABLES;

--
-- Table structure for table `Colors`
--

DROP TABLE IF EXISTS `Colors`;
/*!40101 SET @saved_cs_client     = @@character_set_client */;
/*!50503 SET character_set_client = utf8mb4 */;
CREATE TABLE `Colors` (
  `id` int(11) NOT NULL AUTO_INCREMENT,
  `name` varchar(255) DEFAULT NULL,
  `visible` tinyint(1) DEFAULT NULL,
  `idLocal` int(11) DEFAULT NULL,
  `createdAt` datetime NOT NULL,
  `updatedAt` datetime DEFAULT NULL,
  `deletedAt` datetime DEFAULT NULL,
  PRIMARY KEY (`id`)
) ENGINE=InnoDB AUTO_INCREMENT=90 DEFAULT CHARSET=utf8;
/*!40101 SET character_set_client = @saved_cs_client */;

--
-- Dumping data for table `Colors`
--

LOCK TABLES `Colors` WRITE;
/*!40000 ALTER TABLE `Colors` DISABLE KEYS */;
INSERT INTO `Colors` VALUES (1,'Blanco',1,1,'2022-08-05 17:18:38',NULL,NULL),(2,'Gris',1,2,'2022-08-05 17:18:38',NULL,NULL),(3,'Natural',1,3,'2022-08-05 17:18:38',NULL,NULL),(4,'Marron',1,4,'2022-08-05 17:18:38',NULL,NULL),(5,'Lila',0,5,'2022-08-05 17:18:38',NULL,NULL),(6,'Maiz',0,6,'2022-08-05 17:18:38',NULL,NULL),(7,'Durazno',0,7,'2022-08-05 17:18:38',NULL,NULL),(8,'Beige',0,8,'2022-08-05 17:18:38',NULL,NULL),(9,'Azul',0,9,'2022-08-05 17:18:38',NULL,NULL),(10,'Nat y Bco',0,10,'2022-08-05 17:18:38',NULL,NULL),(11,'Crudo',0,11,'2022-08-05 17:18:38',NULL,NULL),(12,'Fucsia',0,12,'2022-08-05 17:18:38',NULL,NULL),(13,'Bordo',0,13,'2022-08-05 17:18:38',NULL,NULL),(14,'Marfil',0,14,'2022-08-05 17:18:38',NULL,NULL),(15,'Malva',0,15,'2022-08-05 17:18:38',NULL,NULL),(16,'Negro',1,16,'2022-08-05 17:18:38',NULL,NULL),(17,'Ninguno',1,17,'2022-08-05 17:18:38',NULL,NULL),(18,'Naranja',0,18,'2022-08-05 17:18:38',NULL,NULL),(19,'Turquesa',0,19,'2022-08-05 17:18:38',NULL,NULL),(20,'Terracota',0,20,'2022-08-05 17:18:38',NULL,NULL),(21,'Verde Pistacho',0,21,'2022-08-05 17:18:38',NULL,NULL),(22,'Rojo',0,22,'2022-08-05 17:18:38',NULL,NULL),(23,'manzana verde',0,23,'2022-08-05 17:18:38',NULL,NULL),(24,'Lacre',0,24,'2022-08-05 17:18:38',NULL,NULL),(25,'crudo',0,25,'2022-08-05 17:18:38',NULL,NULL),(26,'Lino',1,26,'2022-08-05 17:18:38',NULL,NULL),(27,'No se',0,27,'2022-08-05 17:18:38',NULL,NULL),(28,'Ninguno',0,28,'2022-08-05 17:18:38',NULL,NULL),(29,'Cuadrille',0,29,'2022-08-05 17:18:38',NULL,NULL),(30,'chocolate',0,30,'2022-08-05 17:18:38',NULL,NULL),(31,'Negro y Blanco',0,31,'2022-08-05 17:18:38',NULL,NULL),(32,'Crema',0,32,'2022-08-05 17:18:38',NULL,NULL),(33,'bordo /natural',0,33,'2022-08-05 17:18:38',NULL,NULL),(34,'rosa',0,34,'2022-08-05 17:18:38',NULL,NULL),(35,'cacau 26',0,35,'2022-08-05 17:18:38',NULL,NULL),(36,'ORO',0,36,'2022-08-05 17:18:38',NULL,NULL),(37,'Nat/Blanco',0,37,'2022-08-05 17:18:38',NULL,NULL),(38,'Rosa/Blanco',0,38,'2022-08-05 17:18:38',NULL,NULL),(39,'Gris Plata',0,39,'2022-08-05 17:18:38',NULL,NULL),(40,'Aero',0,40,'2022-08-05 17:18:38',NULL,NULL),(41,'Marron Claro',0,41,'2022-08-05 17:18:38',NULL,NULL),(42,'Francia',0,42,'2022-08-05 17:18:38',NULL,NULL),(43,'Bco y Gris',0,43,'2022-08-05 17:18:38',NULL,NULL),(44,'Verde Agua',0,44,'2022-08-05 17:18:38',NULL,NULL),(45,'Rosa Viejo',0,45,'2022-08-05 17:18:38',NULL,NULL),(46,'violeta',0,46,'2022-08-05 17:18:38',NULL,NULL),(47,'camel',0,47,'2022-08-05 17:18:38',NULL,NULL),(48,'maiz y naranja',0,48,'2022-08-05 17:18:38',NULL,NULL),(49,'Natural/Maiz',0,49,'2022-08-05 17:18:38',NULL,NULL),(50,'rojo/blanco',0,50,'2022-08-05 17:18:38',NULL,NULL),(51,'Tostado',1,51,'2022-08-05 17:18:38',NULL,NULL),(52,'Verde Malva',0,52,'2022-08-05 17:18:38',NULL,NULL),(53,'marron charcoal 3071',0,53,'2022-08-05 17:18:38',NULL,NULL),(54,'Marron/Natural',0,54,'2022-08-05 17:18:38',NULL,NULL),(55,'3 Blanco/  2marron',0,55,'2022-08-05 17:18:38',NULL,NULL),(56,'Marfil 2549',0,56,'2022-08-05 17:18:38',NULL,NULL),(57,'marron/natural/blanco/natural',0,57,'2022-08-05 17:18:38',NULL,NULL),(58,'2 natural/2 marron',0,58,'2022-08-05 17:18:38',NULL,NULL),(59,'2 bcos 1 natural',0,59,'2022-08-05 17:18:38',NULL,NULL),(60,'a definir',0,60,'2022-08-05 17:18:38',NULL,NULL),(61,'MOSTAZA',0,61,'2022-08-05 17:18:38',NULL,NULL),(62,'gros caqui 900-29',0,62,'2022-08-05 17:18:38',NULL,NULL),(63,'2Blanco/1negro/1gris claro',0,63,'2022-08-05 17:18:38',NULL,NULL),(64,'Marron Intermedio',0,64,'2022-08-05 17:18:38',NULL,NULL),(65,'Verde 900-47',0,65,'2022-08-05 17:18:38',NULL,NULL),(66,'Caqui',0,66,'2022-08-05 17:18:38',NULL,NULL),(67,'marron.bco.nat',0,67,'2022-08-05 17:18:38',NULL,NULL),(68,'2negro/2gris',0,68,'2022-08-05 17:18:38',NULL,NULL),(69,'gris cadac',0,69,'2022-08-05 17:18:38',NULL,NULL),(70,'Marron/Blanco',0,70,'2022-08-05 17:18:38',NULL,NULL),(71,'3nat/1blanco',0,71,'2022-08-05 17:18:38',NULL,NULL),(72,'Lino/blanco',0,72,'2022-08-05 17:18:38',NULL,NULL),(73,'Tostado',0,73,'2022-08-05 17:18:38',NULL,NULL),(74,'Tomate',0,74,'2022-08-05 17:18:38',NULL,NULL),(75,'tiza',0,75,'2022-08-05 17:18:38',NULL,NULL),(76,'Cemento',0,76,'2022-08-05 17:18:38',NULL,NULL),(77,'blanco/fucsia',0,77,'2022-08-05 17:18:38',NULL,NULL),(78,'natural/tostado',0,78,'2022-08-05 17:18:38',NULL,NULL),(79,'sepia',0,79,'2022-08-05 17:18:38',NULL,NULL),(80,'gris oscuro',0,80,'2022-08-05 17:18:38',NULL,NULL),(81,'nickel',0,81,'2022-08-05 17:18:38',NULL,NULL),(82,'forra negro',0,82,'2022-08-05 17:18:38',NULL,NULL),(83,'negro forrad',0,83,'2022-08-05 17:18:38',NULL,NULL),(84,'Blanco / Negro atras',0,84,'2022-08-05 17:18:38',NULL,NULL),(85,'bco/negro',0,85,'2022-08-05 17:18:38',NULL,NULL),(86,'nickel',0,86,'2022-08-05 17:18:38',NULL,NULL),(87,'negro por atras',0,87,'2022-08-05 17:18:38',NULL,NULL),(88,'acero',0,88,'2022-08-05 17:18:38',NULL,NULL),(89,'blan/nat',0,89,'2022-08-05 17:18:38',NULL,NULL);
/*!40000 ALTER TABLE `Colors` ENABLE KEYS */;
UNLOCK TABLES;

--
-- Table structure for table `Grids`
--

DROP TABLE IF EXISTS `Grids`;
/*!40101 SET @saved_cs_client     = @@character_set_client */;
/*!50503 SET character_set_client = utf8mb4 */;
CREATE TABLE `Grids` (
  `id` int(11) NOT NULL AUTO_INCREMENT,
  `width` int(11) DEFAULT NULL,
  `heigth` int(11) DEFAULT NULL,
  `price` int(11) DEFAULT NULL,
  `visible` tinyint(1) DEFAULT NULL,
  `idLocal` int(11) DEFAULT NULL,
  `createdAt` datetime NOT NULL,
  `updatedAt` datetime DEFAULT NULL,
  PRIMARY KEY (`id`)
) ENGINE=InnoDB AUTO_INCREMENT=625 DEFAULT CHARSET=utf8;
/*!40101 SET character_set_client = @saved_cs_client */;

--
-- Dumping data for table `Grids`
--

LOCK TABLES `Grids` WRITE;
/*!40000 ALTER TABLE `Grids` DISABLE KEYS */;
INSERT INTO `Grids` VALUES (1,0,0,0,0,NULL,'2022-08-05 17:18:38',NULL),(2,50,60,0,1,2,'2022-08-05 17:18:38',NULL),(3,50,70,0,1,3,'2022-08-05 17:18:38',NULL),(4,50,80,0,1,4,'2022-08-05 17:18:38',NULL),(5,50,90,0,1,5,'2022-08-05 17:18:38',NULL),(6,50,100,0,1,6,'2022-08-05 17:18:38',NULL),(7,50,110,0,1,7,'2022-08-05 17:18:38',NULL),(8,50,120,0,1,8,'2022-08-05 17:18:38',NULL),(9,50,130,0,1,9,'2022-08-05 17:18:38',NULL),(10,50,140,0,1,10,'2022-08-05 17:18:38',NULL),(11,50,150,0,1,11,'2022-08-05 17:18:38',NULL),(12,50,160,0,1,12,'2022-08-05 17:18:38',NULL),(13,50,170,0,1,13,'2022-08-05 17:18:38',NULL),(14,50,180,0,1,14,'2022-08-05 17:18:38',NULL),(15,50,190,0,1,15,'2022-08-05 17:18:38',NULL),(16,50,200,0,1,16,'2022-08-05 17:18:38',NULL),(17,50,210,0,1,17,'2022-08-05 17:18:38',NULL),(18,50,220,539,1,18,'2022-08-05 17:18:38',NULL),(19,50,230,539,1,19,'2022-08-05 17:18:38',NULL),(20,50,240,539,1,20,'2022-08-05 17:18:38',NULL),(21,50,250,539,1,21,'2022-08-05 17:18:38',NULL),(22,50,260,539,1,22,'2022-08-05 17:18:38',NULL),(23,50,270,778,1,23,'2022-08-05 17:18:38',NULL),(24,50,280,778,1,24,'2022-08-05 17:18:38',NULL),(25,50,290,778,1,25,'2022-08-05 17:18:38',NULL),(26,50,300,778,1,26,'2022-08-05 17:18:38',NULL),(27,60,50,0,1,27,'2022-08-05 17:18:38',NULL),(28,60,60,0,1,28,'2022-08-05 17:18:38',NULL),(29,60,70,0,1,29,'2022-08-05 17:18:38',NULL),(30,60,80,0,1,30,'2022-08-05 17:18:38',NULL),(31,60,90,0,1,31,'2022-08-05 17:18:38',NULL),(32,60,100,0,1,32,'2022-08-05 17:18:38',NULL),(33,60,110,0,1,33,'2022-08-05 17:18:38',NULL),(34,60,120,0,1,34,'2022-08-05 17:18:38',NULL),(35,60,130,0,1,35,'2022-08-05 17:18:38',NULL),(36,60,140,0,1,36,'2022-08-05 17:18:38',NULL),(37,60,150,0,1,37,'2022-08-05 17:18:38',NULL),(38,60,160,0,1,38,'2022-08-05 17:18:38',NULL),(39,60,170,0,1,39,'2022-08-05 17:18:38',NULL),(40,60,180,0,1,40,'2022-08-05 17:18:38',NULL),(41,60,190,0,1,41,'2022-08-05 17:18:38',NULL),(42,60,200,0,1,42,'2022-08-05 17:18:38',NULL),(43,60,210,0,1,43,'2022-08-05 17:18:38',NULL),(44,60,220,539,1,44,'2022-08-05 17:18:38',NULL),(45,60,230,539,1,45,'2022-08-05 17:18:38',NULL),(46,60,240,539,1,46,'2022-08-05 17:18:38',NULL),(47,60,250,539,1,47,'2022-08-05 17:18:38',NULL),(48,60,260,539,1,48,'2022-08-05 17:18:38',NULL),(49,60,270,778,1,49,'2022-08-05 17:18:38',NULL),(50,60,280,778,1,50,'2022-08-05 17:18:38',NULL),(51,60,290,778,1,51,'2022-08-05 17:18:38',NULL),(52,60,300,778,1,52,'2022-08-05 17:18:38',NULL),(53,70,50,0,1,53,'2022-08-05 17:18:38',NULL),(54,70,60,0,1,54,'2022-08-05 17:18:38',NULL),(55,70,70,0,1,55,'2022-08-05 17:18:38',NULL),(56,70,80,0,1,56,'2022-08-05 17:18:38',NULL),(57,70,90,0,1,57,'2022-08-05 17:18:38',NULL),(58,70,100,0,1,58,'2022-08-05 17:18:38',NULL),(59,70,110,0,1,59,'2022-08-05 17:18:38',NULL),(60,70,120,0,1,60,'2022-08-05 17:18:38',NULL),(61,70,130,0,1,61,'2022-08-05 17:18:38',NULL),(62,70,140,0,1,62,'2022-08-05 17:18:38',NULL),(63,70,150,0,1,63,'2022-08-05 17:18:38',NULL),(64,70,160,0,1,64,'2022-08-05 17:18:38',NULL),(65,70,170,0,1,65,'2022-08-05 17:18:38',NULL),(66,70,180,0,1,66,'2022-08-05 17:18:38',NULL),(67,70,190,0,1,67,'2022-08-05 17:18:38',NULL),(68,70,200,0,1,68,'2022-08-05 17:18:38',NULL),(69,70,210,0,1,69,'2022-08-05 17:18:38',NULL),(70,70,220,539,1,70,'2022-08-05 17:18:38',NULL),(71,70,230,539,1,71,'2022-08-05 17:18:38',NULL),(72,70,240,539,1,72,'2022-08-05 17:18:38',NULL),(73,70,250,539,1,73,'2022-08-05 17:18:38',NULL),(74,70,260,539,1,74,'2022-08-05 17:18:38',NULL),(75,70,270,778,1,75,'2022-08-05 17:18:38',NULL),(76,70,280,778,1,76,'2022-08-05 17:18:38',NULL),(77,70,290,778,1,77,'2022-08-05 17:18:38',NULL),(78,70,300,778,1,78,'2022-08-05 17:18:38',NULL),(79,80,50,0,1,79,'2022-08-05 17:18:38',NULL),(80,80,60,0,1,80,'2022-08-05 17:18:38',NULL),(81,80,70,0,1,81,'2022-08-05 17:18:38',NULL),(82,80,80,0,1,82,'2022-08-05 17:18:38',NULL),(83,80,90,0,1,83,'2022-08-05 17:18:38',NULL),(84,80,100,0,1,84,'2022-08-05 17:18:38',NULL),(85,80,110,0,1,85,'2022-08-05 17:18:38',NULL),(86,80,120,0,1,86,'2022-08-05 17:18:38',NULL),(87,80,130,0,1,87,'2022-08-05 17:18:38',NULL),(88,80,140,0,1,88,'2022-08-05 17:18:38',NULL),(89,80,150,0,1,89,'2022-08-05 17:18:38',NULL),(90,80,160,0,1,90,'2022-08-05 17:18:38',NULL),(91,80,170,0,1,91,'2022-08-05 17:18:38',NULL),(92,80,180,0,1,92,'2022-08-05 17:18:38',NULL),(93,80,190,0,1,93,'2022-08-05 17:18:38',NULL),(94,80,200,0,1,94,'2022-08-05 17:18:38',NULL),(95,80,210,0,1,95,'2022-08-05 17:18:38',NULL),(96,80,220,539,1,96,'2022-08-05 17:18:38',NULL),(97,80,230,539,1,97,'2022-08-05 17:18:38',NULL),(98,80,240,539,1,98,'2022-08-05 17:18:38',NULL),(99,80,250,539,1,99,'2022-08-05 17:18:38',NULL),(100,80,260,539,1,100,'2022-08-05 17:18:38',NULL),(101,80,270,778,1,101,'2022-08-05 17:18:38',NULL),(102,80,280,778,1,102,'2022-08-05 17:18:38',NULL),(103,80,290,778,1,103,'2022-08-05 17:18:38',NULL),(104,80,300,778,1,104,'2022-08-05 17:18:38',NULL),(105,90,50,0,1,105,'2022-08-05 17:18:38',NULL),(106,90,60,0,1,106,'2022-08-05 17:18:38',NULL),(107,90,70,0,1,107,'2022-08-05 17:18:38',NULL),(108,90,80,0,1,108,'2022-08-05 17:18:38',NULL),(109,90,90,0,1,109,'2022-08-05 17:18:38',NULL),(110,90,100,0,1,110,'2022-08-05 17:18:38',NULL),(111,90,110,0,1,111,'2022-08-05 17:18:38',NULL),(112,90,120,0,1,112,'2022-08-05 17:18:38',NULL),(113,90,130,0,1,113,'2022-08-05 17:18:38',NULL),(114,90,140,0,1,114,'2022-08-05 17:18:38',NULL),(115,90,150,0,1,115,'2022-08-05 17:18:38',NULL),(116,90,160,0,1,116,'2022-08-05 17:18:38',NULL),(117,90,170,0,1,117,'2022-08-05 17:18:38',NULL),(118,90,180,0,1,118,'2022-08-05 17:18:38',NULL),(119,90,190,0,1,119,'2022-08-05 17:18:38',NULL),(120,90,200,0,1,120,'2022-08-05 17:18:38',NULL),(121,90,210,0,1,121,'2022-08-05 17:18:38',NULL),(122,90,220,539,1,122,'2022-08-05 17:18:38',NULL),(123,90,230,539,1,123,'2022-08-05 17:18:38',NULL),(124,90,240,539,1,124,'2022-08-05 17:18:38',NULL),(125,90,250,539,1,125,'2022-08-05 17:18:38',NULL),(126,90,260,539,1,126,'2022-08-05 17:18:38',NULL),(127,90,270,778,1,127,'2022-08-05 17:18:38',NULL),(128,90,280,778,1,128,'2022-08-05 17:18:38',NULL),(129,90,290,778,1,129,'2022-08-05 17:18:38',NULL),(130,90,300,778,1,130,'2022-08-05 17:18:38',NULL),(131,100,50,0,1,131,'2022-08-05 17:18:38',NULL),(132,100,60,0,1,132,'2022-08-05 17:18:38',NULL),(133,100,70,0,1,133,'2022-08-05 17:18:38',NULL),(134,100,80,0,1,134,'2022-08-05 17:18:38',NULL),(135,100,90,0,1,135,'2022-08-05 17:18:38',NULL),(136,100,100,0,1,136,'2022-08-05 17:18:38',NULL),(137,100,110,0,1,137,'2022-08-05 17:18:38',NULL),(138,100,120,0,1,138,'2022-08-05 17:18:38',NULL),(139,100,130,0,1,139,'2022-08-05 17:18:38',NULL),(140,100,140,0,1,140,'2022-08-05 17:18:38',NULL),(141,100,150,0,1,141,'2022-08-05 17:18:38',NULL),(142,100,160,0,1,142,'2022-08-05 17:18:38',NULL),(143,100,170,0,1,143,'2022-08-05 17:18:38',NULL),(144,100,180,0,1,144,'2022-08-05 17:18:38',NULL),(145,100,190,0,1,145,'2022-08-05 17:18:38',NULL),(146,100,200,0,1,146,'2022-08-05 17:18:38',NULL),(147,100,210,0,1,147,'2022-08-05 17:18:38',NULL),(148,100,220,539,1,148,'2022-08-05 17:18:38',NULL),(149,100,230,539,1,149,'2022-08-05 17:18:38',NULL),(150,100,240,539,1,150,'2022-08-05 17:18:38',NULL),(151,100,250,539,1,151,'2022-08-05 17:18:38',NULL),(152,100,260,539,1,152,'2022-08-05 17:18:38',NULL),(153,100,270,778,1,153,'2022-08-05 17:18:38',NULL),(154,100,280,778,1,154,'2022-08-05 17:18:38',NULL),(155,100,290,778,1,155,'2022-08-05 17:18:38',NULL),(156,100,300,778,1,156,'2022-08-05 17:18:38',NULL),(157,110,50,0,1,157,'2022-08-05 17:18:38',NULL),(158,110,60,0,1,158,'2022-08-05 17:18:38',NULL),(159,110,70,0,1,159,'2022-08-05 17:18:38',NULL),(160,110,80,0,1,160,'2022-08-05 17:18:38',NULL),(161,110,90,0,1,161,'2022-08-05 17:18:38',NULL),(162,110,100,0,1,162,'2022-08-05 17:18:38',NULL),(163,110,110,0,1,163,'2022-08-05 17:18:38',NULL),(164,110,120,0,1,164,'2022-08-05 17:18:38',NULL),(165,110,130,0,1,165,'2022-08-05 17:18:38',NULL),(166,110,140,0,1,166,'2022-08-05 17:18:38',NULL),(167,110,150,0,1,167,'2022-08-05 17:18:38',NULL),(168,110,160,0,1,168,'2022-08-05 17:18:38',NULL),(169,110,170,0,1,169,'2022-08-05 17:18:38',NULL),(170,110,180,0,1,170,'2022-08-05 17:18:38',NULL),(171,110,190,0,1,171,'2022-08-05 17:18:38',NULL),(172,110,200,0,1,172,'2022-08-05 17:18:38',NULL),(173,110,210,0,1,173,'2022-08-05 17:18:38',NULL),(174,110,220,539,1,174,'2022-08-05 17:18:38',NULL),(175,110,230,539,1,175,'2022-08-05 17:18:38',NULL),(176,110,240,539,1,176,'2022-08-05 17:18:38',NULL),(177,110,250,539,1,177,'2022-08-05 17:18:38',NULL),(178,110,260,539,1,178,'2022-08-05 17:18:38',NULL),(179,110,270,778,1,179,'2022-08-05 17:18:38',NULL),(180,110,280,778,1,180,'2022-08-05 17:18:38',NULL),(181,110,290,778,1,181,'2022-08-05 17:18:38',NULL),(182,110,300,778,1,182,'2022-08-05 17:18:38',NULL),(183,120,50,0,1,183,'2022-08-05 17:18:38',NULL),(184,120,60,0,1,184,'2022-08-05 17:18:38',NULL),(185,120,70,0,1,185,'2022-08-05 17:18:38',NULL),(186,120,80,0,1,186,'2022-08-05 17:18:38',NULL),(187,120,90,0,1,187,'2022-08-05 17:18:38',NULL),(188,120,100,0,1,188,'2022-08-05 17:18:38',NULL),(189,120,110,0,1,189,'2022-08-05 17:18:38',NULL),(190,120,120,0,1,190,'2022-08-05 17:18:38',NULL),(191,120,130,0,1,191,'2022-08-05 17:18:38',NULL),(192,120,140,0,1,192,'2022-08-05 17:18:38',NULL),(193,120,150,0,1,193,'2022-08-05 17:18:38',NULL),(194,120,160,0,1,194,'2022-08-05 17:18:38',NULL),(195,120,170,0,1,195,'2022-08-05 17:18:38',NULL),(196,120,180,0,1,196,'2022-08-05 17:18:38',NULL),(197,120,190,0,1,197,'2022-08-05 17:18:38',NULL),(198,120,200,0,1,198,'2022-08-05 17:18:38',NULL),(199,120,210,0,1,199,'2022-08-05 17:18:38',NULL),(200,120,220,539,1,200,'2022-08-05 17:18:38',NULL),(201,120,230,539,1,201,'2022-08-05 17:18:38',NULL),(202,120,240,539,1,202,'2022-08-05 17:18:38',NULL),(203,120,250,539,1,203,'2022-08-05 17:18:38',NULL),(204,120,260,539,1,204,'2022-08-05 17:18:38',NULL),(205,120,270,778,1,205,'2022-08-05 17:18:38',NULL),(206,120,280,778,1,206,'2022-08-05 17:18:38',NULL),(207,120,290,778,1,207,'2022-08-05 17:18:38',NULL),(208,120,300,778,1,208,'2022-08-05 17:18:38',NULL),(209,130,50,0,1,209,'2022-08-05 17:18:38',NULL),(210,130,60,0,1,210,'2022-08-05 17:18:38',NULL),(211,130,70,0,1,211,'2022-08-05 17:18:38',NULL),(212,130,80,0,1,212,'2022-08-05 17:18:38',NULL),(213,130,90,0,1,213,'2022-08-05 17:18:38',NULL),(214,130,100,0,1,214,'2022-08-05 17:18:38',NULL),(215,130,110,0,1,215,'2022-08-05 17:18:38',NULL),(216,130,120,0,1,216,'2022-08-05 17:18:38',NULL),(217,130,130,0,1,217,'2022-08-05 17:18:38',NULL),(218,130,140,0,1,218,'2022-08-05 17:18:38',NULL),(219,130,150,0,1,219,'2022-08-05 17:18:38',NULL),(220,130,160,0,1,220,'2022-08-05 17:18:38',NULL),(221,130,170,0,1,221,'2022-08-05 17:18:38',NULL),(222,130,180,0,1,222,'2022-08-05 17:18:38',NULL),(223,130,190,0,1,223,'2022-08-05 17:18:38',NULL),(224,130,200,0,1,224,'2022-08-05 17:18:38',NULL),(225,130,210,0,1,225,'2022-08-05 17:18:38',NULL),(226,130,220,539,1,226,'2022-08-05 17:18:38',NULL),(227,130,230,539,1,227,'2022-08-05 17:18:38',NULL),(228,130,240,778,1,228,'2022-08-05 17:18:38',NULL),(229,130,250,778,1,229,'2022-08-05 17:18:38',NULL),(230,130,260,778,1,230,'2022-08-05 17:18:38',NULL),(231,130,270,974,1,231,'2022-08-05 17:18:38',NULL),(232,130,280,974,1,232,'2022-08-05 17:18:38',NULL),(233,130,290,974,1,233,'2022-08-05 17:18:38',NULL),(234,130,300,974,1,234,'2022-08-05 17:18:38',NULL),(235,140,50,0,1,235,'2022-08-05 17:18:38',NULL),(236,140,60,0,1,236,'2022-08-05 17:18:38',NULL),(237,140,70,0,1,237,'2022-08-05 17:18:38',NULL),(238,140,80,0,1,238,'2022-08-05 17:18:38',NULL),(239,140,90,0,1,239,'2022-08-05 17:18:38',NULL),(240,140,100,0,1,240,'2022-08-05 17:18:38',NULL),(241,140,110,0,1,241,'2022-08-05 17:18:38',NULL),(242,140,120,0,1,242,'2022-08-05 17:18:38',NULL),(243,140,130,0,1,243,'2022-08-05 17:18:38',NULL),(244,140,140,0,1,244,'2022-08-05 17:18:38',NULL),(245,140,150,0,1,245,'2022-08-05 17:18:38',NULL),(246,140,160,0,1,246,'2022-08-05 17:18:38',NULL),(247,140,170,0,1,247,'2022-08-05 17:18:38',NULL),(248,140,180,0,1,248,'2022-08-05 17:18:38',NULL),(249,140,190,0,1,249,'2022-08-05 17:18:38',NULL),(250,140,200,0,1,250,'2022-08-05 17:18:38',NULL),(251,140,210,0,1,251,'2022-08-05 17:18:38',NULL),(252,140,220,539,1,252,'2022-08-05 17:18:38',NULL),(253,140,230,539,1,253,'2022-08-05 17:18:38',NULL),(254,140,240,778,1,254,'2022-08-05 17:18:38',NULL),(255,140,250,778,1,255,'2022-08-05 17:18:38',NULL),(256,140,260,778,1,256,'2022-08-05 17:18:38',NULL),(257,140,270,974,1,257,'2022-08-05 17:18:38',NULL),(258,140,280,974,1,258,'2022-08-05 17:18:38',NULL),(259,140,290,974,1,259,'2022-08-05 17:18:38',NULL),(260,140,300,974,1,260,'2022-08-05 17:18:38',NULL),(261,150,50,0,1,261,'2022-08-05 17:18:38',NULL),(262,150,60,0,1,262,'2022-08-05 17:18:38',NULL),(263,150,70,0,1,263,'2022-08-05 17:18:38',NULL),(264,150,80,0,1,264,'2022-08-05 17:18:38',NULL),(265,150,90,0,1,265,'2022-08-05 17:18:38',NULL),(266,150,100,0,1,266,'2022-08-05 17:18:38',NULL),(267,150,110,0,1,267,'2022-08-05 17:18:38',NULL),(268,150,120,0,1,268,'2022-08-05 17:18:38',NULL),(269,150,130,0,1,269,'2022-08-05 17:18:38',NULL),(270,150,140,0,1,270,'2022-08-05 17:18:38',NULL),(271,150,150,0,1,271,'2022-08-05 17:18:38',NULL),(272,150,160,0,1,272,'2022-08-05 17:18:38',NULL),(273,150,170,0,1,273,'2022-08-05 17:18:38',NULL),(274,150,180,0,1,274,'2022-08-05 17:18:38',NULL),(275,150,190,0,1,275,'2022-08-05 17:18:38',NULL),(276,150,200,0,1,276,'2022-08-05 17:18:38',NULL),(277,150,210,0,1,277,'2022-08-05 17:18:38',NULL),(278,150,220,539,1,278,'2022-08-05 17:18:38',NULL),(279,150,230,539,1,279,'2022-08-05 17:18:38',NULL),(280,150,240,778,1,280,'2022-08-05 17:18:38',NULL),(281,150,250,778,1,281,'2022-08-05 17:18:38',NULL),(282,150,260,778,1,282,'2022-08-05 17:18:38',NULL),(283,150,270,974,1,283,'2022-08-05 17:18:38',NULL),(284,150,280,974,1,284,'2022-08-05 17:18:38',NULL),(285,150,290,974,1,285,'2022-08-05 17:18:38',NULL),(286,150,300,974,1,286,'2022-08-05 17:18:38',NULL),(287,160,50,0,1,287,'2022-08-05 17:18:38',NULL),(288,160,60,0,1,288,'2022-08-05 17:18:38',NULL),(289,160,70,0,1,289,'2022-08-05 17:18:38',NULL),(290,160,80,0,1,290,'2022-08-05 17:18:38',NULL),(291,160,90,0,1,291,'2022-08-05 17:18:38',NULL),(292,160,100,0,1,292,'2022-08-05 17:18:38',NULL),(293,160,110,0,1,293,'2022-08-05 17:18:38',NULL),(294,160,120,0,1,294,'2022-08-05 17:18:38',NULL),(295,160,130,0,1,295,'2022-08-05 17:18:38',NULL),(296,160,140,0,1,296,'2022-08-05 17:18:38',NULL),(297,160,150,0,1,297,'2022-08-05 17:18:38',NULL),(298,160,160,0,1,298,'2022-08-05 17:18:38',NULL),(299,160,170,0,1,299,'2022-08-05 17:18:38',NULL),(300,160,180,0,1,300,'2022-08-05 17:18:38',NULL),(301,160,190,0,1,301,'2022-08-05 17:18:38',NULL),(302,160,200,0,1,302,'2022-08-05 17:18:38',NULL),(303,160,210,0,1,303,'2022-08-05 17:18:38',NULL),(304,160,220,539,1,304,'2022-08-05 17:18:38',NULL),(305,160,230,539,1,305,'2022-08-05 17:18:38',NULL),(306,160,240,778,1,306,'2022-08-05 17:18:38',NULL),(307,160,250,778,1,307,'2022-08-05 17:18:38',NULL),(308,160,260,778,1,308,'2022-08-05 17:18:38',NULL),(309,160,270,974,1,309,'2022-08-05 17:18:38',NULL),(310,160,280,974,1,310,'2022-08-05 17:18:38',NULL),(311,160,290,974,1,311,'2022-08-05 17:18:38',NULL),(312,160,300,974,1,312,'2022-08-05 17:18:38',NULL),(313,170,50,0,1,313,'2022-08-05 17:18:38',NULL),(314,170,60,0,1,314,'2022-08-05 17:18:38',NULL),(315,170,70,0,1,315,'2022-08-05 17:18:38',NULL),(316,170,80,0,1,316,'2022-08-05 17:18:38',NULL),(317,170,90,0,1,317,'2022-08-05 17:18:38',NULL),(318,170,100,0,1,318,'2022-08-05 17:18:38',NULL),(319,170,110,0,1,319,'2022-08-05 17:18:38',NULL),(320,170,120,0,1,320,'2022-08-05 17:18:38',NULL),(321,170,130,0,1,321,'2022-08-05 17:18:38',NULL),(322,170,140,0,1,322,'2022-08-05 17:18:38',NULL),(323,170,150,0,1,323,'2022-08-05 17:18:38',NULL),(324,170,160,0,1,324,'2022-08-05 17:18:38',NULL),(325,170,170,0,1,325,'2022-08-05 17:18:38',NULL),(326,170,180,0,1,326,'2022-08-05 17:18:38',NULL),(327,170,190,0,1,327,'2022-08-05 17:18:38',NULL),(328,170,200,0,1,328,'2022-08-05 17:18:38',NULL),(329,170,210,0,1,329,'2022-08-05 17:18:38',NULL),(330,170,220,539,1,330,'2022-08-05 17:18:38',NULL),(331,170,230,539,1,331,'2022-08-05 17:18:38',NULL),(332,170,240,778,1,332,'2022-08-05 17:18:38',NULL),(333,170,250,778,1,333,'2022-08-05 17:18:38',NULL),(334,170,260,778,1,334,'2022-08-05 17:18:38',NULL),(335,170,270,974,1,335,'2022-08-05 17:18:38',NULL),(336,170,280,974,1,336,'2022-08-05 17:18:38',NULL),(337,170,290,974,1,337,'2022-08-05 17:18:38',NULL),(338,170,300,974,1,338,'2022-08-05 17:18:38',NULL),(339,180,50,0,1,339,'2022-08-05 17:18:38',NULL),(340,180,60,0,1,340,'2022-08-05 17:18:38',NULL),(341,180,70,0,1,341,'2022-08-05 17:18:38',NULL),(342,180,80,0,1,342,'2022-08-05 17:18:38',NULL),(343,180,90,0,1,343,'2022-08-05 17:18:38',NULL),(344,180,100,0,1,344,'2022-08-05 17:18:38',NULL),(345,180,110,0,1,345,'2022-08-05 17:18:38',NULL),(346,180,120,0,1,346,'2022-08-05 17:18:38',NULL),(347,180,130,0,1,347,'2022-08-05 17:18:38',NULL),(348,180,140,0,1,348,'2022-08-05 17:18:38',NULL),(349,180,150,0,1,349,'2022-08-05 17:18:38',NULL),(350,180,160,0,1,350,'2022-08-05 17:18:38',NULL),(351,180,170,0,1,351,'2022-08-05 17:18:38',NULL),(352,180,180,0,1,352,'2022-08-05 17:18:38',NULL),(353,180,190,0,1,353,'2022-08-05 17:18:38',NULL),(354,180,200,0,1,354,'2022-08-05 17:18:38',NULL),(355,180,210,539,1,355,'2022-08-05 17:18:38',NULL),(356,180,220,539,1,356,'2022-08-05 17:18:38',NULL),(357,180,230,778,1,357,'2022-08-05 17:18:38',NULL),(358,180,240,778,1,358,'2022-08-05 17:18:38',NULL),(359,180,250,974,1,359,'2022-08-05 17:18:38',NULL),(360,180,260,974,1,360,'2022-08-05 17:18:38',NULL),(361,180,270,1458,1,361,'2022-08-05 17:18:38',NULL),(362,180,280,1458,1,362,'2022-08-05 17:18:38',NULL),(363,180,290,1458,1,363,'2022-08-05 17:18:38',NULL),(364,180,300,1458,1,364,'2022-08-05 17:18:38',NULL),(365,190,50,0,1,365,'2022-08-05 17:18:38',NULL),(366,190,60,0,1,366,'2022-08-05 17:18:38',NULL),(367,190,70,0,1,367,'2022-08-05 17:18:38',NULL),(368,190,80,0,1,368,'2022-08-05 17:18:38',NULL),(369,190,90,0,1,369,'2022-08-05 17:18:38',NULL),(370,190,100,0,1,370,'2022-08-05 17:18:38',NULL),(371,190,110,0,1,371,'2022-08-05 17:18:38',NULL),(372,190,120,0,1,372,'2022-08-05 17:18:38',NULL),(373,190,130,0,1,373,'2022-08-05 17:18:38',NULL),(374,190,140,0,1,374,'2022-08-05 17:18:38',NULL),(375,190,150,0,1,375,'2022-08-05 17:18:38',NULL),(376,190,160,0,1,376,'2022-08-05 17:18:38',NULL),(377,190,170,0,1,377,'2022-08-05 17:18:38',NULL),(378,190,180,0,1,378,'2022-08-05 17:18:38',NULL),(379,190,190,0,1,379,'2022-08-05 17:18:38',NULL),(380,190,200,0,1,380,'2022-08-05 17:18:38',NULL),(381,190,210,539,1,381,'2022-08-05 17:18:38',NULL),(382,190,220,539,1,382,'2022-08-05 17:18:38',NULL),(383,190,230,778,1,383,'2022-08-05 17:18:38',NULL),(384,190,240,778,1,384,'2022-08-05 17:18:38',NULL),(385,190,250,974,1,385,'2022-08-05 17:18:38',NULL),(386,190,260,974,1,386,'2022-08-05 17:18:38',NULL),(387,190,270,1458,1,387,'2022-08-05 17:18:38',NULL),(388,190,280,1458,1,388,'2022-08-05 17:18:38',NULL),(389,190,290,1458,1,389,'2022-08-05 17:18:38',NULL),(390,190,300,1458,1,390,'2022-08-05 17:18:38',NULL),(391,200,50,0,1,391,'2022-08-05 17:18:38',NULL),(392,200,60,0,1,392,'2022-08-05 17:18:38',NULL),(393,200,70,0,1,393,'2022-08-05 17:18:38',NULL),(394,200,80,0,1,394,'2022-08-05 17:18:38',NULL),(395,200,90,0,1,395,'2022-08-05 17:18:38',NULL),(396,200,100,0,1,396,'2022-08-05 17:18:38',NULL),(397,200,110,0,1,397,'2022-08-05 17:18:38',NULL),(398,200,120,0,1,398,'2022-08-05 17:18:38',NULL),(399,200,130,0,1,399,'2022-08-05 17:18:38',NULL),(400,200,140,0,1,400,'2022-08-05 17:18:38',NULL),(401,200,150,0,1,401,'2022-08-05 17:18:38',NULL),(402,200,160,0,1,402,'2022-08-05 17:18:38',NULL),(403,200,170,0,1,403,'2022-08-05 17:18:38',NULL),(404,200,180,0,1,404,'2022-08-05 17:18:38',NULL),(405,200,190,0,1,405,'2022-08-05 17:18:38',NULL),(406,200,200,539,1,406,'2022-08-05 17:18:38',NULL),(407,200,210,539,1,407,'2022-08-05 17:18:38',NULL),(408,200,220,539,1,408,'2022-08-05 17:18:38',NULL),(409,200,230,778,1,409,'2022-08-05 17:18:38',NULL),(410,200,240,778,1,410,'2022-08-05 17:18:38',NULL),(411,200,250,974,1,411,'2022-08-05 17:18:38',NULL),(412,200,260,974,1,412,'2022-08-05 17:18:38',NULL),(413,200,270,1458,1,413,'2022-08-05 17:18:38',NULL),(414,200,280,1458,1,414,'2022-08-05 17:18:38',NULL),(415,200,290,1458,1,415,'2022-08-05 17:18:38',NULL),(416,200,300,1458,1,416,'2022-08-05 17:18:38',NULL),(417,210,50,539,1,417,'2022-08-05 17:18:38',NULL),(418,210,60,539,1,418,'2022-08-05 17:18:38',NULL),(419,210,70,539,1,419,'2022-08-05 17:18:38',NULL),(420,210,80,539,1,420,'2022-08-05 17:18:38',NULL),(421,210,90,539,1,421,'2022-08-05 17:18:38',NULL),(422,210,100,539,1,422,'2022-08-05 17:18:38',NULL),(423,210,110,539,1,423,'2022-08-05 17:18:38',NULL),(424,210,120,539,1,424,'2022-08-05 17:18:38',NULL),(425,210,130,539,1,425,'2022-08-05 17:18:38',NULL),(426,210,140,539,1,426,'2022-08-05 17:18:38',NULL),(427,210,150,539,1,427,'2022-08-05 17:18:38',NULL),(428,210,160,539,1,428,'2022-08-05 17:18:38',NULL),(429,210,170,539,1,429,'2022-08-05 17:18:38',NULL),(430,210,180,539,1,430,'2022-08-05 17:18:38',NULL),(431,210,190,539,1,431,'2022-08-05 17:18:38',NULL),(432,210,200,539,1,432,'2022-08-05 17:18:38',NULL),(433,210,210,539,1,433,'2022-08-05 17:18:38',NULL),(434,210,220,539,1,434,'2022-08-05 17:18:38',NULL),(435,210,230,778,1,435,'2022-08-05 17:18:38',NULL),(436,210,240,778,1,436,'2022-08-05 17:18:38',NULL),(437,210,250,974,1,437,'2022-08-05 17:18:38',NULL),(438,210,260,974,1,438,'2022-08-05 17:18:38',NULL),(439,210,270,1458,1,439,'2022-08-05 17:18:38',NULL),(440,210,280,1458,1,440,'2022-08-05 17:18:38',NULL),(441,210,290,1458,1,441,'2022-08-05 17:18:38',NULL),(442,210,300,1458,1,442,'2022-08-05 17:18:38',NULL),(443,220,50,539,1,443,'2022-08-05 17:18:38',NULL),(444,220,60,539,1,444,'2022-08-05 17:18:38',NULL),(445,220,70,539,1,445,'2022-08-05 17:18:38',NULL),(446,220,80,539,1,446,'2022-08-05 17:18:38',NULL),(447,220,90,539,1,447,'2022-08-05 17:18:38',NULL),(448,220,100,539,1,448,'2022-08-05 17:18:38',NULL),(449,220,110,539,1,449,'2022-08-05 17:18:38',NULL),(450,220,120,539,1,450,'2022-08-05 17:18:38',NULL),(451,220,130,539,1,451,'2022-08-05 17:18:38',NULL),(452,220,140,539,1,452,'2022-08-05 17:18:38',NULL),(453,220,150,539,1,453,'2022-08-05 17:18:38',NULL),(454,220,160,539,1,454,'2022-08-05 17:18:38',NULL),(455,220,170,539,1,455,'2022-08-05 17:18:38',NULL),(456,220,180,539,1,456,'2022-08-05 17:18:38',NULL),(457,220,190,539,1,457,'2022-08-05 17:18:38',NULL),(458,220,200,539,1,458,'2022-08-05 17:18:38',NULL),(459,220,210,539,1,459,'2022-08-05 17:18:38',NULL),(460,220,220,539,1,460,'2022-08-05 17:18:38',NULL),(461,220,230,778,1,461,'2022-08-05 17:18:38',NULL),(462,220,240,778,1,462,'2022-08-05 17:18:38',NULL),(463,220,250,974,1,463,'2022-08-05 17:18:38',NULL),(464,220,260,974,1,464,'2022-08-05 17:18:38',NULL),(465,220,270,1458,1,465,'2022-08-05 17:18:38',NULL),(466,220,280,1458,1,466,'2022-08-05 17:18:38',NULL),(467,220,290,1458,1,467,'2022-08-05 17:18:38',NULL),(468,220,300,1458,1,468,'2022-08-05 17:18:38',NULL),(469,230,50,539,1,469,'2022-08-05 17:18:38',NULL),(470,230,60,539,1,470,'2022-08-05 17:18:38',NULL),(471,230,70,539,1,471,'2022-08-05 17:18:38',NULL),(472,230,80,539,1,472,'2022-08-05 17:18:38',NULL),(473,230,90,539,1,473,'2022-08-05 17:18:38',NULL),(474,230,100,539,1,474,'2022-08-05 17:18:38',NULL),(475,230,110,539,1,475,'2022-08-05 17:18:38',NULL),(476,230,120,539,1,476,'2022-08-05 17:18:38',NULL),(477,230,130,539,1,477,'2022-08-05 17:18:38',NULL),(478,230,140,539,1,478,'2022-08-05 17:18:38',NULL),(479,230,150,778,1,479,'2022-08-05 17:18:38',NULL),(480,230,160,778,1,480,'2022-08-05 17:18:38',NULL),(481,230,170,778,1,481,'2022-08-05 17:18:38',NULL),(482,230,180,778,1,482,'2022-08-05 17:18:38',NULL),(483,230,190,778,1,483,'2022-08-05 17:18:38',NULL),(484,230,200,974,1,484,'2022-08-05 17:18:38',NULL),(485,230,210,974,1,485,'2022-08-05 17:18:38',NULL),(486,230,220,974,1,486,'2022-08-05 17:18:38',NULL),(487,230,230,974,1,487,'2022-08-05 17:18:38',NULL),(488,230,240,1458,1,488,'2022-08-05 17:18:38',NULL),(489,230,250,1458,1,489,'2022-08-05 17:18:38',NULL),(490,230,260,1458,1,490,'2022-08-05 17:18:38',NULL),(491,230,270,1935,1,491,'2022-08-05 17:18:38',NULL),(492,230,280,1935,1,492,'2022-08-05 17:18:38',NULL),(493,230,290,1935,1,493,'2022-08-05 17:18:38',NULL),(494,230,300,1935,1,494,'2022-08-05 17:18:38',NULL),(495,240,50,539,1,495,'2022-08-05 17:18:38',NULL),(496,240,60,539,1,496,'2022-08-05 17:18:38',NULL),(497,240,70,539,1,497,'2022-08-05 17:18:38',NULL),(498,240,80,539,1,498,'2022-08-05 17:18:38',NULL),(499,240,90,539,1,499,'2022-08-05 17:18:38',NULL),(500,240,100,539,1,500,'2022-08-05 17:18:38',NULL),(501,240,110,539,1,501,'2022-08-05 17:18:38',NULL),(502,240,120,539,1,502,'2022-08-05 17:18:38',NULL),(503,240,130,778,1,503,'2022-08-05 17:18:38',NULL),(504,240,140,778,1,504,'2022-08-05 17:18:38',NULL),(505,240,150,778,1,505,'2022-08-05 17:18:38',NULL),(506,240,160,778,1,506,'2022-08-05 17:18:38',NULL),(507,240,170,778,1,507,'2022-08-05 17:18:38',NULL),(508,240,180,778,1,508,'2022-08-05 17:18:38',NULL),(509,240,190,974,1,509,'2022-08-05 17:18:38',NULL),(510,240,200,974,1,510,'2022-08-05 17:18:38',NULL),(511,240,210,974,1,511,'2022-08-05 17:18:38',NULL),(512,240,220,974,1,512,'2022-08-05 17:18:38',NULL),(513,240,230,974,1,513,'2022-08-05 17:18:38',NULL),(514,240,240,2370,1,514,'2022-08-05 17:18:38',NULL),(515,240,250,2370,1,515,'2022-08-05 17:18:38',NULL),(516,240,260,2370,1,516,'2022-08-05 17:18:38',NULL),(517,240,270,2370,1,517,'2022-08-05 17:18:38',NULL),(518,240,280,2370,1,518,'2022-08-05 17:18:38',NULL),(519,240,290,2370,1,519,'2022-08-05 17:18:38',NULL),(520,240,300,2370,1,520,'2022-08-05 17:18:38',NULL),(521,250,50,1935,1,521,'2022-08-05 17:18:38',NULL),(522,250,60,1935,1,522,'2022-08-05 17:18:38',NULL),(523,250,70,1935,1,523,'2022-08-05 17:18:38',NULL),(524,250,80,1935,1,524,'2022-08-05 17:18:38',NULL),(525,250,90,1935,1,525,'2022-08-05 17:18:38',NULL),(526,250,100,1935,1,526,'2022-08-05 17:18:38',NULL),(527,250,110,1935,1,527,'2022-08-05 17:18:38',NULL),(528,250,120,1935,1,528,'2022-08-05 17:18:38',NULL),(529,250,130,1935,1,529,'2022-08-05 17:18:38',NULL),(530,250,140,1935,1,530,'2022-08-05 17:18:38',NULL),(531,250,150,1935,1,531,'2022-08-05 17:18:38',NULL),(532,250,160,1935,1,532,'2022-08-05 17:18:38',NULL),(533,250,170,2370,1,533,'2022-08-05 17:18:38',NULL),(534,250,180,2370,1,534,'2022-08-05 17:18:38',NULL),(535,250,190,2370,1,535,'2022-08-05 17:18:38',NULL),(536,250,200,2370,1,536,'2022-08-05 17:18:38',NULL),(537,250,210,2370,1,537,'2022-08-05 17:18:38',NULL),(538,250,220,2370,1,538,'2022-08-05 17:18:38',NULL),(539,250,230,2370,1,539,'2022-08-05 17:18:38',NULL),(540,250,240,2370,1,540,'2022-08-05 17:18:38',NULL),(541,250,250,2370,1,541,'2022-08-05 17:18:38',NULL),(542,250,260,2370,1,542,'2022-08-05 17:18:38',NULL),(543,250,270,2370,1,543,'2022-08-05 17:18:38',NULL),(544,250,280,2370,1,544,'2022-08-05 17:18:38',NULL),(545,250,290,2370,1,545,'2022-08-05 17:18:38',NULL),(546,250,300,2370,1,546,'2022-08-05 17:18:38',NULL),(547,260,50,2370,1,547,'2022-08-05 17:18:38',NULL),(548,260,60,2370,1,548,'2022-08-05 17:18:38',NULL),(549,260,70,2370,1,549,'2022-08-05 17:18:38',NULL),(550,260,80,2370,1,550,'2022-08-05 17:18:38',NULL),(551,260,90,2370,1,551,'2022-08-05 17:18:38',NULL),(552,260,100,2370,1,552,'2022-08-05 17:18:38',NULL),(553,260,110,2370,1,553,'2022-08-05 17:18:38',NULL),(554,260,120,2370,1,554,'2022-08-05 17:18:38',NULL),(555,260,130,2370,1,555,'2022-08-05 17:18:38',NULL),(556,260,140,2370,1,556,'2022-08-05 17:18:38',NULL),(557,260,150,2370,1,557,'2022-08-05 17:18:38',NULL),(558,260,160,2370,1,558,'2022-08-05 17:18:38',NULL),(559,260,170,2930,1,559,'2022-08-05 17:18:38',NULL),(560,260,180,2930,1,560,'2022-08-05 17:18:38',NULL),(561,260,190,2930,1,561,'2022-08-05 17:18:38',NULL),(562,260,200,2930,1,562,'2022-08-05 17:18:38',NULL),(563,260,210,2930,1,563,'2022-08-05 17:18:38',NULL),(564,260,220,2930,1,564,'2022-08-05 17:18:38',NULL),(565,260,230,2930,1,565,'2022-08-05 17:18:38',NULL),(566,260,240,2930,1,566,'2022-08-05 17:18:38',NULL),(567,260,250,2930,1,567,'2022-08-05 17:18:38',NULL),(568,260,260,2930,1,568,'2022-08-05 17:18:38',NULL),(569,260,270,2930,1,569,'2022-08-05 17:18:38',NULL),(570,260,280,2930,1,570,'2022-08-05 17:18:38',NULL),(571,260,290,2930,1,571,'2022-08-05 17:18:38',NULL),(572,260,300,2930,1,572,'2022-08-05 17:18:38',NULL),(573,270,50,2370,1,573,'2022-08-05 17:18:38',NULL),(574,270,60,2370,1,574,'2022-08-05 17:18:38',NULL),(575,270,70,2370,1,575,'2022-08-05 17:18:38',NULL),(576,270,80,2370,1,576,'2022-08-05 17:18:38',NULL),(577,270,90,2370,1,577,'2022-08-05 17:18:38',NULL),(578,270,100,2370,1,578,'2022-08-05 17:18:38',NULL),(579,270,110,2370,1,579,'2022-08-05 17:18:38',NULL),(580,270,120,2370,1,580,'2022-08-05 17:18:38',NULL),(581,270,130,2370,1,581,'2022-08-05 17:18:38',NULL),(582,270,140,2370,1,582,'2022-08-05 17:18:38',NULL),(583,270,150,2370,1,583,'2022-08-05 17:18:38',NULL),(584,270,160,2370,1,584,'2022-08-05 17:18:38',NULL),(585,270,170,2930,1,585,'2022-08-05 17:18:38',NULL),(586,270,180,2930,1,586,'2022-08-05 17:18:38',NULL),(587,270,190,2930,1,587,'2022-08-05 17:18:38',NULL),(588,270,200,2930,1,588,'2022-08-05 17:18:38',NULL),(589,270,210,2930,1,589,'2022-08-05 17:18:38',NULL),(590,270,220,2930,1,590,'2022-08-05 17:18:38',NULL),(591,270,230,2930,1,591,'2022-08-05 17:18:38',NULL),(592,270,240,2930,1,592,'2022-08-05 17:18:38',NULL),(593,270,250,2930,1,593,'2022-08-05 17:18:38',NULL),(594,270,260,2930,1,594,'2022-08-05 17:18:38',NULL),(595,270,270,2930,1,595,'2022-08-05 17:18:38',NULL),(596,270,280,2930,1,596,'2022-08-05 17:18:38',NULL),(597,270,290,2930,1,597,'2022-08-05 17:18:38',NULL),(598,270,300,2930,1,598,'2022-08-05 17:18:38',NULL),(599,280,50,2930,1,599,'2022-08-05 17:18:38',NULL),(600,280,60,2930,1,600,'2022-08-05 17:18:38',NULL),(601,280,70,2930,1,601,'2022-08-05 17:18:38',NULL),(602,280,80,2930,1,602,'2022-08-05 17:18:38',NULL),(603,280,90,2930,1,603,'2022-08-05 17:18:38',NULL),(604,280,100,2930,1,604,'2022-08-05 17:18:38',NULL),(605,280,110,2930,1,605,'2022-08-05 17:18:38',NULL),(606,280,120,2930,1,606,'2022-08-05 17:18:38',NULL),(607,280,130,2930,1,607,'2022-08-05 17:18:38',NULL),(608,280,140,2930,1,608,'2022-08-05 17:18:38',NULL),(609,280,150,2930,1,609,'2022-08-05 17:18:38',NULL),(610,280,160,2930,1,610,'2022-08-05 17:18:38',NULL),(611,280,170,3405,1,611,'2022-08-05 17:18:38',NULL),(612,280,180,3405,1,612,'2022-08-05 17:18:38',NULL),(613,280,190,3405,1,613,'2022-08-05 17:18:38',NULL),(614,280,200,3405,1,614,'2022-08-05 17:18:38',NULL),(615,280,210,3405,1,615,'2022-08-05 17:18:38',NULL),(616,280,220,3405,1,616,'2022-08-05 17:18:38',NULL),(617,280,230,3405,1,617,'2022-08-05 17:18:38',NULL),(618,280,240,3405,1,618,'2022-08-05 17:18:38',NULL),(619,280,250,3405,1,619,'2022-08-05 17:18:38',NULL),(620,280,260,3405,1,620,'2022-08-05 17:18:38',NULL),(621,280,270,3405,1,621,'2022-08-05 17:18:38',NULL),(622,280,280,3405,1,622,'2022-08-05 17:18:38',NULL),(623,280,290,3405,1,623,'2022-08-05 17:18:38',NULL),(624,280,300,3405,1,624,'2022-08-05 17:18:38',NULL);
/*!40000 ALTER TABLE `Grids` ENABLE KEYS */;
UNLOCK TABLES;

--
-- Table structure for table `OrderQuotations`
--

DROP TABLE IF EXISTS `OrderQuotations`;
/*!40101 SET @saved_cs_client     = @@character_set_client */;
/*!50503 SET character_set_client = utf8mb4 */;
CREATE TABLE `OrderQuotations` (
  `id` int(11) NOT NULL AUTO_INCREMENT,
  `quotationId` int(11) DEFAULT NULL,
  `orderId` int(11) DEFAULT NULL,
  `createdAt` datetime NOT NULL,
  `updatedAt` datetime DEFAULT NULL,
  PRIMARY KEY (`id`),
  KEY `quotationId` (`quotationId`),
  KEY `orderId` (`orderId`),
  CONSTRAINT `orderquotations_ibfk_1` FOREIGN KEY (`quotationId`) REFERENCES `Quotations` (`id`) ON DELETE CASCADE ON UPDATE CASCADE,
  CONSTRAINT `orderquotations_ibfk_2` FOREIGN KEY (`orderId`) REFERENCES `Orders` (`id`) ON DELETE CASCADE ON UPDATE CASCADE
) ENGINE=InnoDB AUTO_INCREMENT=47 DEFAULT CHARSET=utf8;
/*!40101 SET character_set_client = @saved_cs_client */;

--
-- Dumping data for table `OrderQuotations`
--

LOCK TABLES `OrderQuotations` WRITE;
/*!40000 ALTER TABLE `OrderQuotations` DISABLE KEYS */;
INSERT INTO `OrderQuotations` VALUES (1,27,1,'2022-09-21 21:28:34','2022-09-21 21:28:34'),(2,27,2,'2022-10-16 14:58:56','2022-10-16 14:58:56'),(3,29,5,'2022-12-02 08:01:54','2022-12-02 08:01:54'),(4,30,6,'2023-01-09 17:34:20','2023-01-09 17:34:20'),(5,30,7,'2023-01-24 02:07:48','2023-01-24 02:07:48'),(6,30,8,'2023-01-24 02:10:41','2023-01-24 02:10:41'),(7,30,9,'2023-01-24 02:25:16','2023-01-24 02:25:16'),(8,30,10,'2023-01-24 02:26:58','2023-01-24 02:26:58'),(9,30,11,'2023-01-24 02:27:59','2023-01-24 02:27:59'),(10,30,12,'2023-01-24 02:29:17','2023-01-24 02:29:17'),(11,30,13,'2023-01-24 02:30:22','2023-01-24 02:30:22'),(12,30,14,'2023-01-24 02:31:36','2023-01-24 02:31:36'),(13,30,15,'2023-01-24 02:32:42','2023-01-24 02:32:42'),(14,30,16,'2023-01-24 02:34:20','2023-01-24 02:34:20'),(15,30,17,'2023-01-24 02:35:20','2023-01-24 02:35:20'),(16,30,18,'2023-01-24 02:37:25','2023-01-24 02:37:25'),(17,30,19,'2023-01-24 02:38:32','2023-01-24 02:38:32'),(18,30,20,'2023-01-24 02:40:29','2023-01-24 02:40:29'),(19,30,21,'2023-01-24 02:42:45','2023-01-24 02:42:45'),(20,30,22,'2023-01-24 02:44:07','2023-01-24 02:44:07'),(21,30,23,'2023-01-24 02:44:28','2023-01-24 02:44:28'),(22,30,24,'2023-01-24 02:44:44','2023-01-24 02:44:44'),(23,30,25,'2023-01-24 02:44:57','2023-01-24 02:44:57'),(24,30,26,'2023-01-24 02:45:21','2023-01-24 02:45:21'),(25,30,27,'2023-01-24 02:55:20','2023-01-24 02:55:20'),(26,30,28,'2023-01-30 16:44:43','2023-01-30 16:44:43'),(27,30,29,'2023-01-30 17:09:32','2023-01-30 17:09:32'),(28,30,30,'2023-01-30 17:13:53','2023-01-30 17:13:53'),(29,30,31,'2023-01-30 17:17:49','2023-01-30 17:17:49'),(30,30,32,'2023-01-30 17:21:31','2023-01-30 17:21:31'),(31,30,33,'2023-01-30 17:24:02','2023-01-30 17:24:02'),(32,30,34,'2023-01-30 17:25:19','2023-01-30 17:25:19'),(33,30,35,'2023-01-30 17:29:50','2023-01-30 17:29:50'),(34,30,36,'2023-01-30 17:34:40','2023-01-30 17:34:40'),(35,30,37,'2023-01-30 17:39:53','2023-01-30 17:39:53'),(36,30,38,'2023-01-30 17:53:52','2023-01-30 17:53:52'),(37,30,39,'2023-01-30 17:55:02','2023-01-30 17:55:02'),(38,30,40,'2023-01-30 17:58:13','2023-01-30 17:58:13'),(39,30,41,'2023-01-30 18:39:38','2023-01-30 18:39:38'),(40,34,42,'2023-04-12 09:27:01','2023-04-12 09:27:01'),(41,34,43,'2023-06-07 15:29:10','2023-06-07 15:29:10'),(42,40,44,'2023-06-14 04:59:20','2023-06-14 04:59:20'),(43,31,45,'2023-06-14 06:21:36','2023-06-14 06:21:36'),(44,74,46,'2024-01-18 16:01:44','2024-01-18 16:01:44'),(45,73,46,'2024-01-18 16:01:44','2024-01-18 16:01:44'),(46,73,47,'2024-01-18 16:02:14','2024-01-18 16:02:14');
/*!40000 ALTER TABLE `OrderQuotations` ENABLE KEYS */;
UNLOCK TABLES;

--
-- Table structure for table `Orders`
--

DROP TABLE IF EXISTS `Orders`;
/*!40101 SET @saved_cs_client     = @@character_set_client */;
/*!50503 SET character_set_client = utf8mb4 */;
CREATE TABLE `Orders` (
  `id` int(11) NOT NULL AUTO_INCREMENT,
  `userId` int(11) DEFAULT NULL,
  `observations` text,
  `packaging` int(11) DEFAULT NULL,
  `fileClient` varchar(255) DEFAULT NULL,
  `fileAdmin` varchar(255) DEFAULT NULL,
  `send` tinyint(1) DEFAULT NULL,
  `orderNumber` varchar(255) DEFAULT NULL,
  `total` int(11) DEFAULT NULL,
  `ticket` varchar(255) DEFAULT NULL,
  `isCanceled` tinyint(4) DEFAULT '0',
  `createdAt` datetime NOT NULL,
  `updatedAt` datetime DEFAULT NULL,
  `deletedAt` datetime DEFAULT NULL,
  PRIMARY KEY (`id`),
  KEY `userId` (`userId`),
  CONSTRAINT `orders_ibfk_1` FOREIGN KEY (`userId`) REFERENCES `Users` (`id`)
) ENGINE=InnoDB AUTO_INCREMENT=48 DEFAULT CHARSET=utf8;
/*!40101 SET character_set_client = @saved_cs_client */;

--
-- Dumping data for table `Orders`
--

LOCK TABLES `Orders` WRITE;
/*!40000 ALTER TABLE `Orders` DISABLE KEYS */;
INSERT INTO `Orders` VALUES (1,88,'',400,'88-95722622-22.pdf','88-95722622-22.xls',0,'88-95722622-22',58552,'no-transfer.png',0,'2022-09-21 21:28:34','2023-06-07 15:35:37',NULL),(2,88,NULL,400,NULL,NULL,0,NULL,NULL,NULL,0,'2022-10-16 14:58:56','2022-10-16 14:58:56','2022-12-02 07:32:35'),(3,88,'',400,'88-65706404-22.pdf','88-65706404-22.xls',1,'88-65706404-22',1440,'no-transfer.png',0,'2022-12-02 07:21:46','2023-06-14 05:01:29',NULL),(4,88,'',500,'88-66197486-22.pdf','88-66197486-22.xls',1,'88-66197486-22',3240,'no-transfer.png',0,'2022-12-02 07:29:57','2023-07-04 19:08:10',NULL),(5,88,NULL,500,NULL,NULL,0,NULL,NULL,NULL,0,'2022-12-02 08:01:54','2022-12-02 08:01:54','2023-01-23 15:34:15'),(6,88,NULL,500,NULL,NULL,0,NULL,NULL,NULL,0,'2023-01-09 17:34:20','2023-01-09 17:34:20','2023-01-23 15:34:15'),(7,88,NULL,500,NULL,NULL,0,NULL,NULL,NULL,0,'2023-01-24 02:07:48','2023-01-24 02:07:48','2023-01-30 18:41:11'),(8,88,NULL,500,NULL,NULL,0,NULL,NULL,NULL,0,'2023-01-24 02:10:41','2023-01-24 02:10:41','2023-01-30 18:41:11'),(9,88,NULL,500,NULL,NULL,0,NULL,NULL,NULL,0,'2023-01-24 02:25:16','2023-01-24 02:25:16','2023-01-30 18:41:11'),(10,88,NULL,500,NULL,NULL,0,NULL,NULL,NULL,0,'2023-01-24 02:26:58','2023-01-24 02:26:58','2023-01-30 18:41:11'),(11,88,NULL,500,NULL,NULL,0,NULL,NULL,NULL,0,'2023-01-24 02:27:59','2023-01-24 02:27:59','2023-01-30 18:41:11'),(12,88,NULL,500,NULL,NULL,0,NULL,NULL,NULL,0,'2023-01-24 02:29:17','2023-01-24 02:29:17','2023-01-30 18:41:11'),(13,88,NULL,500,NULL,NULL,0,NULL,NULL,NULL,0,'2023-01-24 02:30:22','2023-01-24 02:30:22','2023-01-30 18:41:11'),(14,88,NULL,500,NULL,NULL,0,NULL,NULL,NULL,0,'2023-01-24 02:31:36','2023-01-24 02:31:36','2023-01-30 18:41:11'),(15,88,NULL,500,NULL,NULL,0,NULL,NULL,NULL,0,'2023-01-24 02:32:42','2023-01-24 02:32:42','2023-01-30 18:41:11'),(16,88,NULL,500,NULL,NULL,0,NULL,NULL,NULL,0,'2023-01-24 02:34:20','2023-01-24 02:34:20','2023-01-30 18:41:11'),(17,88,NULL,500,NULL,NULL,0,NULL,NULL,NULL,0,'2023-01-24 02:35:20','2023-01-24 02:35:20','2023-01-30 18:41:11'),(18,88,NULL,500,NULL,NULL,0,NULL,NULL,NULL,0,'2023-01-24 02:37:25','2023-01-24 02:37:25','2023-01-30 18:41:11'),(19,88,NULL,500,NULL,NULL,0,NULL,NULL,NULL,0,'2023-01-24 02:38:32','2023-01-24 02:38:32','2023-01-30 18:41:11'),(20,88,NULL,500,NULL,NULL,0,NULL,NULL,NULL,0,'2023-01-24 02:40:29','2023-01-24 02:40:29','2023-01-30 18:41:11'),(21,88,NULL,500,NULL,NULL,0,NULL,NULL,NULL,0,'2023-01-24 02:42:45','2023-01-24 02:42:45','2023-01-30 18:41:11'),(22,88,NULL,500,NULL,NULL,0,NULL,NULL,NULL,0,'2023-01-24 02:44:07','2023-01-24 02:44:07','2023-01-30 18:41:11'),(23,88,NULL,500,NULL,NULL,0,NULL,NULL,NULL,0,'2023-01-24 02:44:28','2023-01-24 02:44:28','2023-01-30 18:41:11'),(24,88,NULL,500,NULL,NULL,0,NULL,NULL,NULL,0,'2023-01-24 02:44:44','2023-01-24 02:44:44','2023-01-30 18:41:11'),(25,88,NULL,500,NULL,NULL,0,NULL,NULL,NULL,0,'2023-01-24 02:44:57','2023-01-24 02:44:57','2023-01-30 18:41:11'),(26,88,NULL,500,NULL,NULL,0,NULL,NULL,NULL,0,'2023-01-24 02:45:21','2023-01-24 02:45:21','2023-01-30 18:41:11'),(27,88,NULL,500,NULL,NULL,0,NULL,NULL,NULL,0,'2023-01-24 02:55:20','2023-01-24 02:55:20','2023-01-30 18:41:11'),(28,88,'pedido de prueba',500,'88-97095231-23.pdf','88-97095231-23.xls',0,'88-97095231-23',10475,'no-transfer.png',0,'2023-01-30 16:44:43','2023-01-30 16:44:55',NULL),(29,88,'pedido de testeo',500,'88-98584967-23.pdf','88-98584967-23.xls',0,'88-98584967-23',10475,'no-transfer.png',0,'2023-01-30 17:09:32','2023-01-30 17:09:45',NULL),(30,88,'testeo',500,'88-98840934-23.pdf','88-98840934-23.xls',0,'88-98840934-23',10475,'no-transfer.png',0,'2023-01-30 17:13:53','2023-01-30 17:14:01',NULL),(31,88,'TESTEO',500,'88-99076154-23.pdf','88-99076154-23.xls',0,'88-99076154-23',10475,'no-transfer.png',0,'2023-01-30 17:17:49','2023-01-30 17:17:56',NULL),(32,88,'',500,'88-99294928-23.pdf','88-99294928-23.xls',0,'88-99294928-23',10475,'no-transfer.png',0,'2023-01-30 17:21:31','2023-01-30 17:21:35',NULL),(33,88,'testeo',500,'88-99448733-23.pdf','88-99448733-23.xls',0,'88-99448733-23',10475,'no-transfer.png',0,'2023-01-30 17:24:02','2023-01-30 17:24:09',NULL),(34,88,'testeo',500,'88-99528818-23.pdf','88-99528818-23.xls',1,'88-99528818-23',10475,'no-transfer.png',0,'2023-01-30 17:25:19','2023-01-30 17:25:30',NULL),(35,88,'',500,'88-99798092-23.pdf','88-99798092-23.xls',1,'88-99798092-23',10475,'no-transfer.png',0,'2023-01-30 17:29:50','2023-01-30 17:29:59',NULL),(36,88,'testeo',500,'88-00088210-23.pdf','88-00088210-23.xls',1,'88-00088210-23',10475,'no-transfer.png',0,'2023-01-30 17:34:40','2023-01-30 17:34:49',NULL),(37,88,'testeo',500,'88-00401685-23.pdf','88-00401685-23.xls',1,'88-00401685-23',10475,'no-transfer.png',0,'2023-01-30 17:39:53','2023-01-30 17:40:03',NULL),(38,88,'testeo',500,'88-01241348-23.pdf','88-01241348-23.xls',0,'88-01241348-23',10475,'no-transfer.png',1,'2023-01-30 17:53:52','2024-01-17 01:02:09',NULL),(39,88,'',500,'88-01309570-23.pdf','88-01309570-23.xls',0,'88-01309570-23',10475,'no-transfer.png',1,'2023-01-30 17:55:02','2024-01-17 01:00:46',NULL),(40,88,'testeo',500,'88-01501636-23.pdf','88-01501636-23.xls',0,'88-01501636-23',10475,'no-transfer.png',1,'2023-01-30 17:58:13','2024-01-17 01:00:40',NULL),(41,88,'testeo',500,'88-03986547-23.pdf','88-03986547-23.xls',0,'88-03986547-23',10475,'no-transfer.png',1,'2023-01-30 18:39:38','2024-01-17 00:57:44',NULL),(42,89,NULL,500,NULL,NULL,0,NULL,NULL,NULL,0,'2023-04-12 09:27:01','2023-04-12 09:27:01','2023-04-20 10:55:28'),(43,89,'',500,'89-51755608-23.pdf','89-51755608-23.xls',0,'89-51755608-23',13906,'no-transfer.png',1,'2023-06-07 15:29:10','2024-01-18 10:34:55',NULL),(44,96,'',500,'96-18772397-23.pdf','96-18772397-23.xls',0,'96-18772397-23',22442,'no-transfer.png',0,'2023-06-14 04:59:20','2023-06-14 04:59:32','2023-06-14 05:00:45'),(45,94,'',500,'94-23700305-23.pdf','94-23700305-23.xls',0,'94-23700305-23',5474,'no-transfer.png',1,'2023-06-14 06:21:36','2024-01-17 00:54:31',NULL),(46,89,NULL,500,NULL,NULL,0,NULL,NULL,NULL,0,'2024-01-18 16:01:44','2024-01-18 16:01:44','2024-01-18 16:03:11'),(47,89,'',500,'89-93737601-24.pdf','89-93737601-24.xls',0,'89-93737601-24',14301,'no-transfer.png',0,'2023-01-18 16:02:14','2024-01-18 16:02:18',NULL);
/*!40000 ALTER TABLE `Orders` ENABLE KEYS */;
UNLOCK TABLES;

--
-- Table structure for table `Packages`
--

DROP TABLE IF EXISTS `Packages`;
/*!40101 SET @saved_cs_client     = @@character_set_client */;
/*!50503 SET character_set_client = utf8mb4 */;
CREATE TABLE `Packages` (
  `id` int(11) NOT NULL AUTO_INCREMENT,
  `price` int(11) NOT NULL,
  `createdAt` datetime NOT NULL,
  `updatedAt` datetime DEFAULT NULL,
  PRIMARY KEY (`id`)
) ENGINE=InnoDB AUTO_INCREMENT=3 DEFAULT CHARSET=utf8;
/*!40101 SET character_set_client = @saved_cs_client */;

--
-- Dumping data for table `Packages`
--

LOCK TABLES `Packages` WRITE;
/*!40000 ALTER TABLE `Packages` DISABLE KEYS */;
INSERT INTO `Packages` VALUES (1,500,'2022-09-19 00:00:00','2022-12-02 07:22:12'),(2,100,'2022-09-19 00:00:00','2023-06-27 10:26:47');
/*!40000 ALTER TABLE `Packages` ENABLE KEYS */;
UNLOCK TABLES;

--
-- Table structure for table `Patterns`
--

DROP TABLE IF EXISTS `Patterns`;
/*!40101 SET @saved_cs_client     = @@character_set_client */;
/*!50503 SET character_set_client = utf8mb4 */;
CREATE TABLE `Patterns` (
  `id` int(11) NOT NULL AUTO_INCREMENT,
  `name` varchar(255) DEFAULT NULL,
  `price` int(11) DEFAULT NULL,
  `visible` tinyint(1) DEFAULT NULL,
  `idLocal` int(11) DEFAULT NULL,
  `createdAt` datetime NOT NULL,
  `updatedAt` datetime DEFAULT NULL,
  `deletedAt` datetime DEFAULT NULL,
  PRIMARY KEY (`id`)
) ENGINE=InnoDB AUTO_INCREMENT=7 DEFAULT CHARSET=utf8;
/*!40101 SET character_set_client = @saved_cs_client */;

--
-- Dumping data for table `Patterns`
--

LOCK TABLES `Patterns` WRITE;
/*!40000 ALTER TABLE `Patterns` DISABLE KEYS */;
INSERT INTO `Patterns` VALUES (1,'Cadena Metlica',357,1,1,'2022-08-05 17:18:38',NULL,NULL),(2,'Cadena Plstica',0,1,2,'2022-08-05 17:18:38',NULL,NULL),(3,'A cordn',0,1,3,'2022-08-05 17:18:38',NULL,NULL),(4,'A bastn',0,1,4,'2022-08-05 17:18:38',NULL,NULL),(5,'Libre',0,1,5,'2022-08-05 17:18:38',NULL,NULL),(6,'Ninguno',0,1,6,'2022-08-05 17:18:38',NULL,NULL);
/*!40000 ALTER TABLE `Patterns` ENABLE KEYS */;
UNLOCK TABLES;

--
-- Table structure for table `Prices`
--

DROP TABLE IF EXISTS `Prices`;
/*!40101 SET @saved_cs_client     = @@character_set_client */;
/*!50503 SET character_set_client = utf8mb4 */;
CREATE TABLE `Prices` (
  `id` int(11) NOT NULL AUTO_INCREMENT,
  `systemId` int(11) DEFAULT NULL,
  `clothId` int(11) DEFAULT NULL,
  `colorId` int(11) DEFAULT NULL,
  `amount` int(11) DEFAULT NULL,
  `visible` int(11) DEFAULT NULL,
  `idLocal` int(11) DEFAULT NULL,
  `createdAt` datetime NOT NULL,
  `updatedAt` datetime DEFAULT NULL,
  PRIMARY KEY (`id`),
  KEY `systemId` (`systemId`),
  KEY `clothId` (`clothId`),
  KEY `colorId` (`colorId`),
  CONSTRAINT `prices_ibfk_1` FOREIGN KEY (`systemId`) REFERENCES `Systems` (`id`),
  CONSTRAINT `prices_ibfk_2` FOREIGN KEY (`clothId`) REFERENCES `Cloths` (`id`),
  CONSTRAINT `prices_ibfk_3` FOREIGN KEY (`colorId`) REFERENCES `Colors` (`id`)
) ENGINE=InnoDB AUTO_INCREMENT=233 DEFAULT CHARSET=utf8;
/*!40101 SET character_set_client = @saved_cs_client */;

--
-- Dumping data for table `Prices`
--

LOCK TABLES `Prices` WRITE;
/*!40000 ALTER TABLE `Prices` DISABLE KEYS */;
INSERT INTO `Prices` VALUES (1,113,600,1,2627,1,1,'2022-08-05 17:18:38',NULL),(2,113,731,1,3081,1,2,'2022-08-05 17:18:38',NULL),(3,113,731,3,3438,1,3,'2022-08-05 17:18:38',NULL),(4,113,731,2,3438,1,4,'2022-08-05 17:18:38',NULL),(5,113,731,16,4141,1,5,'2022-08-05 17:18:38',NULL),(6,113,599,1,4202,1,6,'2022-08-05 17:18:38',NULL),(7,113,599,3,4524,1,7,'2022-08-05 17:18:38',NULL),(8,113,599,16,4524,1,8,'2022-08-05 17:18:38',NULL),(9,113,599,2,4524,1,9,'2022-08-05 17:18:38',NULL),(10,113,670,1,4978,1,10,'2022-08-05 17:18:38',NULL),(11,113,670,3,4978,1,11,'2022-08-05 17:18:38',NULL),(12,113,657,1,6565,1,12,'2022-08-05 17:18:38',NULL),(13,113,604,4,6565,1,13,'2022-08-05 17:18:38',NULL),(14,113,604,3,6565,1,14,'2022-08-05 17:18:38',NULL),(15,113,669,3,5348,1,15,'2022-08-05 17:18:38',NULL),(16,113,669,1,5348,1,16,'2022-08-05 17:18:38',NULL),(17,113,667,1,5341,1,17,'2022-08-05 17:18:38',NULL),(18,113,651,1,6450,1,18,'2022-08-05 17:18:38',NULL),(19,113,599,4,6185,1,19,'2022-08-05 17:18:38',NULL),(20,113,632,1,10861,1,20,'2022-08-05 17:18:38',NULL),(21,113,632,26,10861,1,22,'2022-08-05 17:18:38',NULL),(22,113,692,3,7397,1,23,'2022-08-05 17:18:38',NULL),(23,113,676,1,6450,1,24,'2022-08-05 17:18:38',NULL),(24,113,676,26,6450,1,26,'2022-08-05 17:18:38',NULL),(25,111,605,1,1510,1,27,'2022-08-05 17:18:38',NULL),(26,111,605,3,1510,1,28,'2022-08-05 17:18:38',NULL),(27,111,610,3,1737,1,29,'2022-08-05 17:18:38',NULL),(28,111,603,1,2187,1,30,'2022-08-05 17:18:38',NULL),(29,111,603,3,2187,1,31,'2022-08-05 17:18:38',NULL),(30,111,609,1,2382,1,32,'2022-08-05 17:18:38',NULL),(31,111,609,3,2382,1,33,'2022-08-05 17:18:38',NULL),(32,111,598,3,2382,1,35,'2022-08-05 17:18:38',NULL),(33,111,601,1,2737,1,36,'2022-08-05 17:18:38',NULL),(34,111,601,3,2737,1,37,'2022-08-05 17:18:38',NULL),(35,111,647,3,2737,1,39,'2022-08-05 17:18:38',NULL),(36,111,631,1,2737,1,40,'2022-08-05 17:18:38',NULL),(37,111,662,1,2737,1,41,'2022-08-05 17:18:38',NULL),(38,111,662,3,2737,1,42,'2022-08-05 17:18:38',NULL),(39,111,672,1,2187,1,43,'2022-08-05 17:18:38',NULL),(40,111,672,3,2187,1,44,'2022-08-05 17:18:38',NULL),(41,111,622,1,3277,1,45,'2022-08-05 17:18:38',NULL),(42,111,622,3,3277,1,46,'2022-08-05 17:18:38',NULL),(43,111,624,1,3277,1,47,'2022-08-05 17:18:38',NULL),(44,111,624,3,3277,1,48,'2022-08-05 17:18:38',NULL),(45,111,703,1,3644,1,49,'2022-08-05 17:18:38',NULL),(46,112,605,1,1928,1,51,'2022-08-05 17:18:38',NULL),(47,112,605,3,1928,1,52,'2022-08-05 17:18:38',NULL),(48,112,603,1,2187,1,53,'2022-08-05 17:18:38',NULL),(49,112,603,3,2187,1,54,'2022-08-05 17:18:38',NULL),(50,112,609,1,2382,1,55,'2022-08-05 17:18:38',NULL),(51,112,609,3,2382,1,56,'2022-08-05 17:18:38',NULL),(52,112,598,3,2382,1,58,'2022-08-05 17:18:38',NULL),(53,112,601,3,2547,1,60,'2022-08-05 17:18:38',NULL),(54,112,622,1,2547,1,61,'2022-08-05 17:18:38',NULL),(55,112,622,3,2547,1,62,'2022-08-05 17:18:38',NULL),(56,112,647,3,2547,1,64,'2022-08-05 17:18:38',NULL),(57,112,631,1,2547,1,65,'2022-08-05 17:18:38',NULL),(58,112,631,3,2547,1,66,'2022-08-05 17:18:38',NULL),(59,112,662,1,2547,1,67,'2022-08-05 17:18:38',NULL),(60,112,662,3,2547,1,68,'2022-08-05 17:18:38',NULL),(61,112,600,1,2386,1,69,'2022-08-05 17:18:38',NULL),(62,112,731,1,2798,1,70,'2022-08-05 17:18:38',NULL),(63,112,731,3,3183,1,71,'2022-08-05 17:18:38',NULL),(64,112,731,2,3183,1,72,'2022-08-05 17:18:38',NULL),(65,112,599,1,3484,1,73,'2022-08-05 17:18:38',NULL),(66,112,599,3,3484,1,74,'2022-08-05 17:18:38',NULL),(67,112,599,2,3484,1,75,'2022-08-05 17:18:38',NULL),(68,112,599,16,3484,1,76,'2022-08-05 17:18:38',NULL),(69,112,680,3,3644,1,77,'2022-08-05 17:18:38',NULL),(70,112,703,1,3277,1,78,'2022-08-05 17:18:38',NULL),(71,112,704,1,3277,1,79,'2022-08-05 17:18:38',NULL),(72,112,669,1,4082,1,80,'2022-08-05 17:18:38',NULL),(73,112,669,3,4082,1,81,'2022-08-05 17:18:38',NULL),(74,112,604,3,5303,1,82,'2022-08-05 17:18:38',NULL),(75,112,604,4,5303,1,83,'2022-08-05 17:18:38',NULL),(76,112,657,1,5303,1,84,'2022-08-05 17:18:38',NULL),(77,129,602,1,2737,1,85,'2022-08-05 17:18:38',NULL),(78,129,602,3,2737,1,86,'2022-08-05 17:18:38',NULL),(79,130,605,1,2737,1,87,'2022-08-05 17:18:38',NULL),(80,130,605,3,2737,1,88,'2022-08-05 17:18:38',NULL),(81,130,598,3,2888,1,90,'2022-08-05 17:18:38',NULL),(82,130,618,1,2888,1,91,'2022-08-05 17:18:38',NULL),(83,130,618,3,2888,1,92,'2022-08-05 17:18:38',NULL),(84,130,603,1,2888,1,93,'2022-08-05 17:18:38',NULL),(85,130,601,3,3105,1,95,'2022-08-05 17:18:38',NULL),(86,130,622,1,3105,1,96,'2022-08-05 17:18:38',NULL),(87,130,622,3,3105,1,97,'2022-08-05 17:18:38',NULL),(88,130,609,1,3105,1,98,'2022-08-05 17:18:38',NULL),(89,130,609,3,3105,1,99,'2022-08-05 17:18:38',NULL),(90,130,663,1,3277,1,100,'2022-08-05 17:18:38',NULL),(91,130,663,3,3277,1,101,'2022-08-05 17:18:38',NULL),(92,130,631,1,4082,1,102,'2022-08-05 17:18:38',NULL),(93,130,631,3,4082,1,103,'2022-08-05 17:18:38',NULL),(94,130,662,1,4082,1,104,'2022-08-05 17:18:38',NULL),(95,130,662,3,4082,1,105,'2022-08-05 17:18:38',NULL),(96,130,624,1,4082,1,106,'2022-08-05 17:18:38',NULL),(97,130,624,3,4082,1,107,'2022-08-05 17:18:38',NULL),(98,130,704,1,4082,1,108,'2022-08-05 17:18:38',NULL),(99,130,703,1,4082,1,109,'2022-08-05 17:18:38',NULL),(100,116,605,1,2737,1,110,'2022-08-05 17:18:38',NULL),(101,116,605,3,2737,1,111,'2022-08-05 17:18:38',NULL),(102,116,598,3,2888,1,113,'2022-08-05 17:18:38',NULL),(103,116,618,1,2888,1,114,'2022-08-05 17:18:38',NULL),(104,116,618,3,2888,1,115,'2022-08-05 17:18:38',NULL),(105,116,603,1,2888,1,116,'2022-08-05 17:18:38',NULL),(106,116,603,3,2888,1,117,'2022-08-05 17:18:38',NULL),(107,116,601,3,3105,1,119,'2022-08-05 17:18:38',NULL),(108,116,622,1,3105,1,120,'2022-08-05 17:18:38',NULL),(109,116,622,3,3105,1,121,'2022-08-05 17:18:38',NULL),(110,116,609,1,3105,1,122,'2022-08-05 17:18:38',NULL),(111,116,609,3,3105,1,123,'2022-08-05 17:18:38',NULL),(112,116,663,1,3277,1,124,'2022-08-05 17:18:38',NULL),(113,116,663,3,3277,1,125,'2022-08-05 17:18:38',NULL),(114,116,647,1,3277,1,126,'2022-08-05 17:18:38',NULL),(115,116,647,3,3277,1,127,'2022-08-05 17:18:38',NULL),(116,116,631,1,4082,1,128,'2022-08-05 17:18:38',NULL),(117,116,631,3,4082,1,129,'2022-08-05 17:18:38',NULL),(118,116,662,1,4082,1,130,'2022-08-05 17:18:38',NULL),(119,116,662,3,4082,1,131,'2022-08-05 17:18:38',NULL),(120,116,624,1,4082,1,132,'2022-08-05 17:18:38',NULL),(121,116,624,3,4082,1,133,'2022-08-05 17:18:38',NULL),(122,116,704,1,4082,1,134,'2022-08-05 17:18:38',NULL),(123,116,703,1,4082,1,135,'2022-08-05 17:18:38',NULL),(124,130,647,1,3277,1,136,'2022-08-05 17:18:38',NULL),(125,130,647,3,3277,1,137,'2022-08-05 17:18:38',NULL),(126,130,603,3,2888,1,138,'2022-08-05 17:18:38',NULL),(127,112,610,3,2187,1,140,'2022-08-05 17:18:38',NULL),(128,112,624,1,2547,1,141,'2022-08-05 17:18:38',NULL),(129,112,624,3,2547,1,142,'2022-08-05 17:18:38',NULL),(130,127,626,1,4287,1,143,'2022-08-05 17:18:38',NULL),(131,114,626,1,1088,1,144,'2022-08-05 17:18:38',NULL),(132,179,599,1,9692,1,145,'2022-08-05 17:18:38',NULL),(133,179,599,3,9692,1,146,'2022-08-05 17:18:38',NULL),(134,179,599,2,9692,1,147,'2022-08-05 17:18:38',NULL),(135,179,599,16,9692,1,148,'2022-08-05 17:18:38',NULL),(136,179,731,1,7319,1,150,'2022-08-05 17:18:38',NULL),(137,179,731,3,7319,1,151,'2022-08-05 17:18:38',NULL),(138,179,731,2,7319,1,152,'2022-08-05 17:18:38',NULL),(139,179,731,16,7686,1,153,'2022-08-05 17:18:38',NULL),(140,111,631,3,2737,1,154,'2022-08-05 17:18:38',NULL),(141,111,707,1,4082,1,155,'2022-08-05 17:18:38',NULL),(142,112,670,3,4082,1,157,'2022-08-05 17:18:38',NULL),(143,113,644,3,5348,1,158,'2022-08-05 17:18:38',NULL),(144,113,680,3,5348,1,159,'2022-08-05 17:18:38',NULL),(145,119,680,3,5348,1,159,'2022-08-05 17:18:38',NULL),(146,119,644,3,5348,1,158,'2022-08-05 17:18:38',NULL),(147,130,610,3,2888,1,161,'2022-08-05 17:18:38',NULL),(148,116,610,3,2888,1,163,'2022-08-05 17:18:38',NULL),(149,113,713,26,6565,1,164,'2022-08-05 17:18:38',NULL),(150,119,713,26,6565,1,164,'2022-08-05 17:18:38',NULL),(151,112,707,1,3644,1,165,'2022-08-05 17:18:38',NULL),(152,130,707,1,4287,1,166,'2022-08-05 17:18:38',NULL),(153,116,707,1,4287,1,167,'2022-08-05 17:18:38',NULL),(154,113,719,1,3690,1,168,'2022-08-05 17:18:38',NULL),(155,119,719,1,3690,1,168,'2022-08-05 17:18:38',NULL),(156,111,720,1,2185,1,169,'2022-08-05 17:18:38',NULL),(157,111,720,3,2185,1,170,'2022-08-05 17:18:38',NULL),(158,111,721,1,2025,1,171,'2022-08-05 17:18:38',NULL),(159,111,721,3,2025,1,172,'2022-08-05 17:18:38',NULL),(160,112,599,4,4988,1,173,'2022-08-05 17:18:38',NULL),(161,113,730,3,6565,1,174,'2022-08-05 17:18:38',NULL),(162,113,730,51,6565,1,175,'2022-08-05 17:18:38',NULL),(163,113,730,4,6565,1,176,'2022-08-05 17:18:38',NULL),(164,119,730,3,6565,1,174,'2022-08-05 17:18:38',NULL),(165,119,730,51,6565,1,175,'2022-08-05 17:18:38',NULL),(166,119,730,4,6565,1,176,'2022-08-05 17:18:38',NULL),(167,112,730,3,5303,1,177,'2022-08-05 17:18:38',NULL),(168,113,670,4,6565,1,180,'2022-08-05 17:18:38',NULL),(169,119,670,4,6565,1,180,'2022-08-05 17:18:38',NULL),(170,112,670,4,5303,1,181,'2022-08-05 17:18:38',NULL),(171,112,713,26,5303,1,182,'2022-08-05 17:18:38',NULL),(172,113,744,1,3567,1,183,'2022-08-05 17:18:38',NULL),(173,119,744,1,3567,1,183,'2022-08-05 17:18:38',NULL),(174,112,744,1,2954,1,184,'2022-08-05 17:18:38',NULL),(175,180,626,17,357,1,186,'2022-08-05 17:18:38',NULL),(176,332,626,17,150,1,187,'2022-08-05 17:18:38',NULL),(177,333,626,17,91,1,188,'2022-08-05 17:18:38',NULL),(178,334,626,17,150,1,189,'2022-08-05 17:18:38',NULL),(179,125,626,17,1046,1,190,'2022-08-05 17:18:38',NULL),(180,335,626,17,894,1,191,'2022-08-05 17:18:38',NULL),(181,336,626,17,595,1,192,'2022-08-05 17:18:38',NULL),(182,113,744,3,3850,1,193,'2022-08-05 17:18:38',NULL),(183,119,744,3,3850,1,193,'2022-08-05 17:18:38',NULL),(184,112,744,3,2954,1,194,'2022-08-05 17:18:38',NULL),(185,300,626,17,717,1,196,'2022-08-05 17:18:38',NULL),(186,304,626,17,894,1,197,'2022-08-05 17:18:38',NULL),(187,309,626,17,357,1,198,'2022-08-05 17:18:38',NULL),(188,310,626,17,537,1,199,'2022-08-05 17:18:38',NULL),(189,337,626,17,92,1,200,'2022-08-05 17:18:38',NULL),(190,338,626,17,92,1,201,'2022-08-05 17:18:38',NULL),(191,219,626,17,25,1,202,'2022-08-05 17:18:38',NULL),(192,187,626,17,44,1,203,'2022-08-05 17:18:38',NULL),(193,113,747,1,4620,1,204,'2022-08-05 17:18:38',NULL),(194,113,748,1,5348,1,205,'2022-08-05 17:18:38',NULL),(195,113,745,1,4202,1,206,'2022-08-05 17:18:38',NULL),(196,113,746,1,5348,1,207,'2022-08-05 17:18:38',NULL),(197,113,746,3,5348,1,208,'2022-08-05 17:18:38',NULL),(198,112,731,16,3484,1,209,'2022-08-05 17:18:38',NULL),(199,112,747,1,3834,1,210,'2022-08-05 17:18:38',NULL),(200,112,748,1,4082,1,211,'2022-08-05 17:18:38',NULL),(201,112,746,1,4438,1,212,'2022-08-05 17:18:38',NULL),(202,112,746,3,4438,1,213,'2022-08-05 17:18:38',NULL),(203,112,745,1,3484,1,214,'2022-08-05 17:18:38',NULL),(204,119,600,1,2627,1,215,'2022-08-05 17:18:38',NULL),(205,119,731,1,3081,1,216,'2022-08-05 17:18:38',NULL),(206,119,731,3,3438,1,217,'2022-08-05 17:18:38',NULL),(207,119,731,2,3438,1,218,'2022-08-05 17:18:38',NULL),(208,119,731,16,4141,1,219,'2022-08-05 17:18:38',NULL),(209,119,599,1,4202,1,220,'2022-08-05 17:18:38',NULL),(210,119,599,3,4524,1,221,'2022-08-05 17:18:38',NULL),(211,119,599,16,4524,1,222,'2022-08-05 17:18:38',NULL),(212,119,599,2,4524,1,223,'2022-08-05 17:18:38',NULL),(213,119,670,1,4978,1,224,'2022-08-05 17:18:38',NULL),(214,119,670,3,4978,1,225,'2022-08-05 17:18:38',NULL),(215,119,657,1,6565,1,226,'2022-08-05 17:18:38',NULL),(216,119,604,4,6565,1,227,'2022-08-05 17:18:38',NULL),(217,119,604,3,6565,1,228,'2022-08-05 17:18:38',NULL),(218,119,669,3,5348,1,229,'2022-08-05 17:18:38',NULL),(219,119,669,1,5348,1,230,'2022-08-05 17:18:38',NULL),(220,119,667,1,5341,1,231,'2022-08-05 17:18:38',NULL),(221,119,651,1,6450,1,232,'2022-08-05 17:18:38',NULL),(222,119,599,4,6185,1,233,'2022-08-05 17:18:38',NULL),(223,119,632,1,10861,1,234,'2022-08-05 17:18:38',NULL),(224,119,632,26,10861,1,235,'2022-08-05 17:18:38',NULL),(225,119,692,3,7397,1,236,'2022-08-05 17:18:38',NULL),(226,119,676,1,6450,1,237,'2022-08-05 17:18:38',NULL),(227,119,676,26,6450,1,238,'2022-08-05 17:18:38',NULL),(228,119,747,1,4620,1,239,'2022-08-05 17:18:38',NULL),(229,119,748,1,5348,1,240,'2022-08-05 17:18:38',NULL),(230,119,745,1,4202,1,241,'2022-08-05 17:18:38',NULL),(231,119,746,1,5348,1,242,'2022-08-05 17:18:38',NULL),(232,119,746,3,5348,1,243,'2022-08-05 17:18:38',NULL);
/*!40000 ALTER TABLE `Prices` ENABLE KEYS */;
UNLOCK TABLES;

--
-- Table structure for table `Quotations`
--

DROP TABLE IF EXISTS `Quotations`;
/*!40101 SET @saved_cs_client     = @@character_set_client */;
/*!50503 SET character_set_client = utf8mb4 */;
CREATE TABLE `Quotations` (
  `id` int(11) NOT NULL AUTO_INCREMENT,
  `railsQuantity` int(11) DEFAULT NULL,
  `railWidth` int(11) DEFAULT NULL,
  `clothsQuantity` int(11) DEFAULT NULL,
  `clothWidth` int(11) DEFAULT NULL,
  `heigth` int(11) DEFAULT NULL,
  `amount` int(11) DEFAULT NULL,
  `date` datetime DEFAULT NULL,
  `reference` varchar(255) DEFAULT NULL,
  `command` varchar(255) DEFAULT NULL,
  `supportOrientation` varchar(255) DEFAULT NULL,
  `clothOrientation` varchar(255) DEFAULT NULL,
  `observations` text,
  `quantity` int(11) DEFAULT NULL,
  `environment` varchar(255) DEFAULT NULL,
  `systemId` int(11) DEFAULT NULL,
  `clothId` int(11) DEFAULT NULL,
  `colorId` int(11) DEFAULT NULL,
  `supportId` int(11) DEFAULT NULL,
  `patternId` int(11) DEFAULT NULL,
  `chainId` int(11) DEFAULT NULL,
  `userId` int(11) DEFAULT NULL,
  `createdAt` datetime NOT NULL,
  `updatedAt` datetime DEFAULT NULL,
  `deletedAt` datetime DEFAULT NULL,
  PRIMARY KEY (`id`),
  KEY `systemId` (`systemId`),
  KEY `clothId` (`clothId`),
  KEY `colorId` (`colorId`),
  KEY `supportId` (`supportId`),
  KEY `patternId` (`patternId`),
  KEY `chainId` (`chainId`),
  KEY `userId` (`userId`),
  CONSTRAINT `quotations_ibfk_1` FOREIGN KEY (`systemId`) REFERENCES `Systems` (`id`),
  CONSTRAINT `quotations_ibfk_2` FOREIGN KEY (`clothId`) REFERENCES `Cloths` (`id`),
  CONSTRAINT `quotations_ibfk_3` FOREIGN KEY (`colorId`) REFERENCES `Colors` (`id`),
  CONSTRAINT `quotations_ibfk_4` FOREIGN KEY (`supportId`) REFERENCES `Supports` (`id`),
  CONSTRAINT `quotations_ibfk_5` FOREIGN KEY (`patternId`) REFERENCES `Patterns` (`id`),
  CONSTRAINT `quotations_ibfk_6` FOREIGN KEY (`chainId`) REFERENCES `Chains` (`id`),
  CONSTRAINT `quotations_ibfk_7` FOREIGN KEY (`userId`) REFERENCES `Users` (`id`)
) ENGINE=InnoDB AUTO_INCREMENT=89 DEFAULT CHARSET=utf8;
/*!40101 SET character_set_client = @saved_cs_client */;

--
-- Dumping data for table `Quotations`
--

LOCK TABLES `Quotations` WRITE;
/*!40000 ALTER TABLE `Quotations` DISABLE KEYS */;
INSERT INTO `Quotations` VALUES (1,NULL,NULL,NULL,200,200,22442,'2022-09-09 11:15:32','Manuel',NULL,NULL,NULL,NULL,NULL,NULL,113,670,1,28,2,1,88,'2022-09-09 11:15:32','2022-09-09 11:15:32',NULL),(2,NULL,NULL,NULL,200,0,8574,'2022-09-09 11:16:14','Manuel',NULL,NULL,NULL,NULL,NULL,NULL,127,626,1,2,6,6,88,'2022-09-09 11:16:14','2022-09-09 11:16:14',NULL),(3,NULL,NULL,NULL,200,0,2176,'2022-09-09 14:09:21','Manuel',NULL,NULL,NULL,NULL,NULL,NULL,114,626,1,18,6,6,88,'2022-09-09 14:09:21','2022-09-09 14:09:21',NULL),(4,NULL,NULL,NULL,200,2400,149120,'2022-09-09 17:51:53','Manuel',NULL,NULL,NULL,NULL,NULL,NULL,113,731,1,6,2,1,88,'2022-09-09 17:51:53','2022-09-09 17:51:53',NULL),(5,NULL,NULL,NULL,200,240,16799,'2022-09-09 18:00:12','Manuel',NULL,NULL,NULL,NULL,NULL,NULL,113,731,1,31,2,1,88,'2022-09-09 18:00:12','2022-09-09 18:00:12',NULL),(6,NULL,NULL,NULL,200,200,14095,'2022-09-09 18:03:09','Marta',NULL,NULL,NULL,NULL,NULL,NULL,113,731,1,28,2,1,88,'2022-09-09 18:03:09','2022-09-09 18:03:09',NULL),(7,NULL,NULL,NULL,200,200,50115,'2022-09-09 18:03:14','Marta',NULL,NULL,NULL,NULL,NULL,NULL,113,632,1,28,2,1,88,'2022-09-09 18:03:14','2022-09-09 18:03:14',NULL),(8,NULL,NULL,NULL,210,300,34910,'2022-09-09 18:04:33','Marcos',NULL,NULL,NULL,NULL,NULL,NULL,113,670,3,6,2,1,88,'2022-09-09 18:04:33','2022-09-09 18:04:33',NULL),(9,NULL,NULL,NULL,200,200,29425,'2022-09-09 18:07:43','Marta',NULL,NULL,NULL,NULL,NULL,NULL,113,670,4,6,2,1,88,'2022-09-09 18:07:43','2022-09-09 18:07:43',NULL),(10,NULL,NULL,NULL,200,200,29425,'2022-09-09 18:08:09','Marta',NULL,NULL,NULL,NULL,NULL,NULL,113,670,4,6,2,1,88,'2022-09-09 18:08:09','2022-09-09 18:08:09',NULL),(11,NULL,NULL,NULL,200,300,33317,'2022-09-09 18:09:33','Manuel',NULL,NULL,NULL,NULL,NULL,NULL,113,670,1,30,2,1,88,'2022-09-09 18:09:33','2022-09-09 18:09:33',NULL),(12,NULL,NULL,NULL,200,300,43474,'2022-09-09 18:09:37','Manuel',NULL,NULL,NULL,NULL,NULL,NULL,113,670,4,30,2,1,88,'2022-09-09 18:09:37','2022-09-09 18:09:37',NULL),(13,NULL,NULL,NULL,210,200,14773,'2022-09-09 18:10:35','Manuel',NULL,NULL,NULL,NULL,NULL,NULL,113,731,1,28,2,1,88,'2022-09-09 18:10:35','2022-09-09 18:10:35',NULL),(14,NULL,NULL,NULL,200,150,8932,'2022-09-09 18:12:46','Marta',NULL,NULL,NULL,NULL,NULL,NULL,113,600,1,29,2,1,88,'2022-09-09 18:12:46','2022-09-09 18:12:46',NULL),(15,NULL,NULL,NULL,200,300,18271,'2022-09-09 18:12:57','Marta',NULL,NULL,NULL,NULL,NULL,NULL,113,600,1,29,2,1,88,'2022-09-09 18:12:57','2022-09-09 18:12:57',NULL),(16,NULL,NULL,NULL,200,200,22442,'2022-09-12 14:17:00','Manuel',NULL,NULL,NULL,NULL,NULL,NULL,113,670,1,28,2,1,88,'2022-09-12 14:17:00','2022-09-12 14:17:00',NULL),(17,NULL,NULL,NULL,0,300,25617,'2022-09-12 14:20:54','Manuel',NULL,NULL,NULL,NULL,NULL,NULL,179,731,1,1,2,1,88,'2022-09-12 14:20:54','2022-09-12 14:20:54',NULL),(18,NULL,NULL,NULL,200,300,33317,'2022-09-12 14:21:27','Marta',NULL,NULL,NULL,NULL,1,NULL,113,670,1,28,2,1,88,'2022-09-12 14:21:27','2022-09-12 18:43:43',NULL),(19,NULL,NULL,NULL,200,200,22442,'2022-09-19 18:44:44','test',NULL,NULL,NULL,NULL,1,NULL,113,670,1,6,2,1,88,'2022-09-19 18:44:44','2023-01-24 00:25:05',NULL),(20,NULL,NULL,NULL,100,200,5779,'2022-09-20 01:36:33','Jos',NULL,NULL,NULL,NULL,1,NULL,113,600,1,6,2,1,88,'2022-09-20 01:36:33','2023-01-24 00:25:05',NULL),(21,NULL,NULL,NULL,80,200,5800,'2022-09-20 01:37:21','Jos',NULL,NULL,NULL,NULL,1,NULL,113,600,1,6,2,1,88,'2022-09-20 01:37:21','2024-01-19 11:49:04',NULL),(22,NULL,NULL,NULL,0,200,18300,'2022-09-21 00:13:54','Manuel',NULL,NULL,NULL,NULL,1,NULL,179,731,1,2,2,1,88,'2022-09-21 00:13:54','2024-01-19 10:20:23',NULL),(23,NULL,NULL,NULL,200,200,32936,'2022-09-21 00:19:09','Marta',NULL,NULL,NULL,NULL,1,NULL,179,731,1,2,2,1,88,'2022-09-21 00:19:09','2023-01-24 00:34:11',NULL),(24,NULL,NULL,NULL,200,200,14095,'2022-09-21 00:19:35','Marta',NULL,NULL,NULL,NULL,1,NULL,113,731,1,28,2,1,88,'2022-09-21 00:19:35','2022-10-17 08:31:40',NULL),(25,NULL,NULL,NULL,200,0,8574,'2022-09-21 00:20:16','Manuel',NULL,NULL,NULL,NULL,1,NULL,127,626,1,2,6,6,88,'2022-09-21 00:20:16','2023-01-24 00:24:37',NULL),(26,NULL,NULL,NULL,200,0,2176,'2022-09-21 00:20:28','Marcos',NULL,NULL,NULL,NULL,1,NULL,114,626,1,18,6,6,88,'2022-09-21 00:20:28','2023-01-24 00:24:37',NULL),(27,NULL,NULL,NULL,300,250,58552,'2022-09-21 00:25:35','Eric','DER','PARED','NO APLICA','',1,'',179,731,1,2,2,1,88,'2022-09-21 00:25:35','2023-01-20 10:45:47',NULL),(28,NULL,NULL,NULL,200,200,32936,'2022-09-21 00:27:30','Jorge',NULL,NULL,NULL,NULL,1,NULL,179,731,1,1,2,1,88,'2022-09-21 00:27:30','2023-01-20 10:35:04',NULL),(29,NULL,NULL,NULL,200,80,6305,'2022-10-17 10:40:57','jose','IZQ','TECHO','POR DETRS','',1,'',113,600,1,6,2,1,88,'2022-10-17 10:40:57','2023-01-24 00:27:44',NULL),(30,NULL,NULL,NULL,200,150,10500,'2023-01-09 17:33:37','Marta','IZQ','PARED','POR DETRS','',1,'',113,731,1,28,2,1,88,'2023-01-09 17:33:37','2024-01-19 10:20:24',NULL),(31,NULL,NULL,NULL,100,100,5474,'2023-03-30 19:54:37','eric','DER','PARED','NO APLICA','',1,'',111,631,1,1,3,1,94,'2023-03-30 19:54:37','2023-06-14 06:21:36',NULL),(32,NULL,NULL,NULL,100,100,14304,'2023-04-05 10:52:47','Eric',NULL,NULL,NULL,NULL,NULL,NULL,112,731,2,2,4,6,91,'2023-04-05 10:52:47','2023-04-05 10:52:47','2023-06-14 04:55:35'),(33,NULL,NULL,NULL,100,0,3430,'2023-04-05 10:55:23','Eric',NULL,NULL,NULL,NULL,NULL,NULL,127,626,1,1,6,6,92,'2023-04-05 10:55:23','2023-04-05 10:55:23','2023-06-14 04:19:44'),(34,NULL,NULL,NULL,10,100,13906,'2023-04-12 09:25:44','Eric','DER','TECHO','NO APLICA','',1,'',179,731,1,2,2,1,89,'2023-04-12 09:25:44','2023-06-13 19:41:06',NULL),(35,NULL,NULL,NULL,250,250,34173,'2023-06-13 19:46:16','Eric',NULL,NULL,NULL,NULL,NULL,NULL,113,670,1,28,2,1,89,'2023-06-13 19:46:16','2023-06-13 19:46:16',NULL),(36,NULL,NULL,NULL,200,250,58680,'2023-06-13 19:48:22','Jose',NULL,NULL,NULL,NULL,NULL,NULL,113,632,1,28,1,1,89,'2023-06-13 19:48:22','2023-06-13 19:48:22',NULL),(37,NULL,NULL,NULL,250,270,23472,'2023-06-13 19:50:01','Mateo',NULL,NULL,NULL,NULL,NULL,NULL,113,731,1,28,2,1,89,'2023-06-13 19:50:01','2023-06-13 19:50:01',NULL),(38,NULL,NULL,NULL,251,251,42423,'2023-06-13 19:55:07','Mario',NULL,NULL,NULL,NULL,NULL,NULL,113,604,4,28,2,1,89,'2023-06-13 19:55:07','2023-06-13 19:55:07',NULL),(39,NULL,NULL,NULL,220,250,15825,'2023-06-13 19:56:23','Mario',NULL,NULL,NULL,NULL,NULL,NULL,113,600,1,28,2,3,89,'2023-06-13 19:56:23','2023-06-13 19:56:23',NULL),(40,NULL,NULL,NULL,200,200,22442,'2023-06-14 04:58:46','Luisa','DER','PARED','POR DETRS','usuario de prueba',1,'',113,670,1,28,2,1,96,'2023-06-14 04:58:46','2023-06-14 04:59:20','2023-06-14 05:00:45'),(41,NULL,NULL,NULL,200,200,12686,'2023-06-14 05:50:54','Mario',NULL,NULL,NULL,NULL,NULL,NULL,113,731,1,28,2,1,90,'2023-06-14 05:50:54','2023-06-14 05:50:54',NULL),(42,NULL,NULL,NULL,270,230,22880,'2023-06-15 19:39:15','Miguel',NULL,NULL,NULL,NULL,NULL,NULL,113,731,1,28,1,1,89,'2023-06-15 19:39:15','2023-06-15 19:39:15',NULL),(43,NULL,NULL,NULL,200,200,13391,'2023-06-27 10:15:14','Eric',NULL,NULL,NULL,NULL,NULL,NULL,113,731,1,28,2,1,89,'2023-06-27 10:15:14','2023-06-27 10:15:14',NULL),(44,NULL,NULL,NULL,200,200,13391,'2023-06-27 10:15:20','Eric',NULL,NULL,NULL,NULL,NULL,NULL,113,731,1,28,2,1,89,'2023-06-27 10:15:20','2023-06-27 10:15:20',NULL),(45,NULL,NULL,NULL,200,200,13391,'2023-06-27 10:15:44','Eric',NULL,NULL,NULL,NULL,NULL,NULL,113,731,1,28,2,1,89,'2023-06-27 10:15:44','2023-06-27 10:15:44',NULL),(46,NULL,NULL,NULL,200,200,13391,'2023-06-27 10:20:48','Ricardo',NULL,NULL,NULL,NULL,NULL,NULL,113,731,1,28,2,1,89,'2023-06-27 10:20:48','2023-06-27 10:20:48',NULL),(47,NULL,NULL,NULL,200,200,14060,'2023-06-27 10:20:50','Ricardo',NULL,NULL,NULL,NULL,NULL,NULL,113,731,1,28,2,1,89,'2023-06-27 10:20:50','2023-06-27 10:20:50',NULL),(48,NULL,NULL,NULL,200,200,13391,'2023-06-27 10:20:52','Ricardo',NULL,NULL,NULL,NULL,NULL,NULL,113,731,1,28,2,1,89,'2023-06-27 10:20:52','2023-06-27 10:20:52',NULL),(49,NULL,NULL,NULL,200,200,14060,'2023-06-27 10:20:54','Ricardo',NULL,NULL,NULL,NULL,NULL,NULL,113,731,1,28,2,1,89,'2023-06-27 10:20:54','2023-06-27 10:20:54',NULL),(50,NULL,NULL,NULL,200,200,13391,'2023-06-27 10:21:50','Ricardo',NULL,NULL,NULL,NULL,NULL,NULL,113,731,1,28,2,1,89,'2023-06-27 10:21:50','2023-06-27 10:21:50',NULL),(51,NULL,NULL,NULL,200,200,13467,'2023-06-27 10:22:02','Ricardo',NULL,NULL,NULL,NULL,NULL,NULL,113,731,1,28,2,3,89,'2023-06-27 10:22:02','2023-06-27 10:22:02',NULL),(52,NULL,NULL,NULL,200,200,14140,'2023-06-27 10:22:04','Ricardo',NULL,NULL,NULL,NULL,NULL,NULL,113,731,1,28,2,3,89,'2023-06-27 10:22:04','2023-06-27 10:22:04',NULL),(53,NULL,NULL,NULL,200,200,14959,'2023-06-27 10:22:09','Ricardo',NULL,NULL,NULL,NULL,NULL,NULL,113,731,2,28,2,3,89,'2023-06-27 10:22:09','2023-06-27 10:22:09',NULL),(54,NULL,NULL,NULL,200,200,15707,'2023-06-27 10:22:11','Ricardo',NULL,NULL,NULL,NULL,NULL,NULL,113,731,2,28,2,3,89,'2023-06-27 10:22:11','2023-06-27 10:22:11',NULL),(55,NULL,NULL,NULL,200,200,14959,'2023-06-27 10:22:15','Ricardo',NULL,NULL,NULL,NULL,NULL,NULL,113,731,3,28,2,3,89,'2023-06-27 10:22:15','2023-06-27 10:22:15',NULL),(56,NULL,NULL,NULL,200,200,17897,'2023-06-27 10:22:24','Ricardo',NULL,NULL,NULL,NULL,NULL,NULL,113,731,16,28,2,3,89,'2023-06-27 10:22:24','2023-06-27 10:22:24',NULL),(57,NULL,NULL,NULL,200,200,18792,'2023-06-27 10:22:25','Ricardo',NULL,NULL,NULL,NULL,NULL,NULL,113,731,16,28,2,3,89,'2023-06-27 10:22:25','2023-06-27 10:22:25',NULL),(58,NULL,NULL,NULL,200,200,13391,'2023-06-27 10:28:27','Magdalena',NULL,NULL,NULL,NULL,NULL,NULL,113,731,1,28,2,1,89,'2023-06-27 10:28:27','2023-06-27 10:28:27',NULL),(59,NULL,NULL,NULL,200,200,26781,'2023-06-27 10:28:30','Magdalena',NULL,NULL,NULL,NULL,NULL,NULL,113,731,1,28,2,1,89,'2023-06-27 10:28:30','2023-06-27 10:28:30',NULL),(60,NULL,NULL,NULL,200,200,14883,'2023-06-27 10:28:35','Magdalena',NULL,NULL,NULL,NULL,NULL,NULL,113,731,2,28,2,1,89,'2023-06-27 10:28:35','2023-06-27 10:28:35',NULL),(61,NULL,NULL,NULL,200,200,14883,'2023-06-27 10:28:38','Magdalena',NULL,NULL,NULL,NULL,1,NULL,113,731,2,28,2,1,89,'2023-06-27 10:28:38','2023-06-27 10:34:47',NULL),(62,NULL,NULL,NULL,200,200,13391,'2023-06-27 10:36:50','Jorge',NULL,NULL,NULL,NULL,NULL,NULL,113,731,1,28,2,1,89,'2023-06-27 10:36:50','2023-06-27 10:36:50',NULL),(63,NULL,NULL,NULL,200,200,26781,'2023-06-27 10:36:52','Jorge',NULL,NULL,NULL,NULL,NULL,NULL,113,731,1,28,2,1,89,'2023-06-27 10:36:52','2023-06-27 10:36:52',NULL),(64,NULL,NULL,NULL,200,200,13391,'2023-06-27 10:46:40','Luis',NULL,NULL,NULL,NULL,NULL,NULL,113,731,1,28,2,1,89,'2023-06-27 10:46:40','2023-06-27 10:46:40',NULL),(65,NULL,NULL,NULL,200,200,13391,'2023-06-27 10:47:06','Luisa',NULL,NULL,NULL,NULL,NULL,NULL,113,731,1,28,2,1,89,'2023-06-27 10:47:06','2023-06-27 10:47:06',NULL),(66,NULL,NULL,NULL,200,200,13391,'2023-06-27 10:47:52','Carlos',NULL,NULL,NULL,NULL,NULL,NULL,113,731,1,28,2,1,89,'2023-06-27 10:47:52','2023-06-27 10:47:52',NULL),(67,NULL,NULL,NULL,200,200,26781,'2023-06-27 10:47:58','Carlota',NULL,NULL,NULL,NULL,NULL,NULL,113,731,1,28,2,1,89,'2023-06-27 10:47:58','2023-06-27 10:47:58',NULL),(68,NULL,NULL,NULL,200,200,13391,'2023-06-27 10:49:55','Manuel',NULL,NULL,NULL,NULL,NULL,NULL,113,731,1,28,2,1,89,'2023-06-27 10:49:55','2023-06-27 10:49:55',NULL),(69,NULL,NULL,NULL,200,200,13391,'2023-06-27 10:50:18','Manuela',NULL,NULL,NULL,NULL,1,NULL,113,731,1,28,2,1,89,'2023-06-27 10:50:18','2023-06-29 17:07:54',NULL),(70,NULL,NULL,NULL,200,200,13391,'2023-06-27 10:50:55','Jorgelina',NULL,NULL,NULL,NULL,1,NULL,113,731,1,28,2,1,89,'2023-06-27 10:50:55','2023-06-27 10:50:55',NULL),(71,NULL,NULL,NULL,200,200,13391,'2023-06-29 16:51:34','Flor',NULL,NULL,NULL,NULL,1,NULL,113,731,1,28,2,1,89,'2023-06-29 16:51:34','2023-06-29 16:54:41',NULL),(72,NULL,NULL,NULL,100,100,5200,'2023-06-29 16:52:22','Florencia',NULL,NULL,NULL,NULL,1,NULL,111,662,1,2,3,1,89,'2023-06-29 16:52:22','2023-06-29 16:54:05',NULL),(73,NULL,NULL,NULL,170,260,14301,'2023-07-03 19:51:41','Marcos','IZQ','TECHO','NO APLICA','sdfsadfsafsdf',1,'calida',111,662,1,2,3,1,89,'2023-07-03 19:51:41','2024-01-18 16:02:14',NULL),(74,NULL,NULL,NULL,170,260,14671,'2023-07-03 19:52:23','Marcelo','DER','PARED','POR DELANTE','orden de prueba para salvar al usaurio',1,'calido',113,731,1,28,2,1,89,'2023-07-03 19:52:23','2024-01-18 16:01:51',NULL),(75,NULL,NULL,NULL,100,100,6000,'2024-01-18 16:50:40','Eric',NULL,NULL,NULL,NULL,1,NULL,113,670,1,29,2,1,88,'2024-01-18 16:50:40','2024-01-19 10:18:56',NULL),(76,NULL,NULL,NULL,100,100,3700,'2024-01-18 18:50:40','Eric',NULL,NULL,NULL,NULL,1,NULL,113,731,1,30,2,1,88,'2024-01-18 18:50:40','2024-01-19 10:18:56',NULL),(77,NULL,NULL,NULL,270,100,12400,'2024-01-18 18:51:15','Eric',NULL,NULL,NULL,NULL,1,NULL,113,731,1,30,2,1,88,'2024-01-18 18:51:15','2024-01-19 10:18:56',NULL),(78,NULL,NULL,NULL,270,200,21200,'2024-01-18 18:51:38','Eric',NULL,NULL,NULL,NULL,1,NULL,113,731,1,30,2,1,88,'2024-01-18 18:51:38','2024-01-19 10:18:56',NULL),(79,NULL,NULL,NULL,200,200,14100,'2024-01-18 18:55:22','Eric',NULL,NULL,NULL,NULL,1,NULL,113,731,1,6,2,1,88,'2024-01-18 18:55:22','2024-01-19 10:18:41',NULL),(80,NULL,NULL,NULL,100,100,3700,'2024-01-19 10:21:27','Eric',NULL,NULL,NULL,NULL,NULL,NULL,113,731,1,28,2,1,88,'2024-01-19 10:21:27','2024-01-19 10:21:27',NULL),(81,NULL,NULL,NULL,120,113,4900,'2024-01-19 10:21:58','Eric',NULL,NULL,NULL,NULL,1,NULL,113,731,1,28,2,1,88,'2024-01-19 10:21:58','2024-01-19 10:22:16',NULL),(82,NULL,NULL,NULL,120,113,4900,'2024-01-19 10:22:57','Eric',NULL,NULL,NULL,NULL,1,NULL,113,731,1,28,2,1,88,'2024-01-19 10:22:57','2024-01-19 10:24:34',NULL),(83,NULL,NULL,NULL,120,113,4900,'2024-01-19 10:24:34','Eric',NULL,NULL,NULL,NULL,1,NULL,113,731,1,28,2,1,88,'2024-01-19 10:24:34','2024-01-19 10:24:34',NULL),(84,NULL,NULL,NULL,200,200,14100,'2024-01-22 09:37:29','Eric',NULL,NULL,NULL,NULL,NULL,NULL,113,731,1,6,2,1,88,'2024-01-22 09:37:29','2024-01-22 09:37:29',NULL),(85,NULL,NULL,NULL,200,0,8600,'2024-01-22 09:58:48','eric',NULL,NULL,NULL,NULL,NULL,NULL,127,626,1,2,6,6,88,'2024-01-22 09:58:48','2024-01-22 09:58:48',NULL),(86,NULL,NULL,NULL,200,0,8600,'2024-01-22 10:01:05','eric',NULL,NULL,NULL,NULL,1,NULL,127,626,1,2,6,6,88,'2024-01-22 10:01:05','2024-01-22 10:03:47',NULL),(87,NULL,NULL,NULL,200,0,8600,'2024-01-22 10:03:02','eric',NULL,NULL,NULL,NULL,1,NULL,127,626,1,2,6,6,88,'2024-01-22 10:03:02','2024-01-22 10:03:30',NULL),(88,NULL,NULL,NULL,280,0,3000,'2024-01-22 10:03:30','eric',NULL,NULL,NULL,NULL,1,NULL,114,626,1,18,6,6,88,'2024-01-22 10:03:30','2024-01-22 10:03:47',NULL);
/*!40000 ALTER TABLE `Quotations` ENABLE KEYS */;
UNLOCK TABLES;

--
-- Table structure for table `References`
--

DROP TABLE IF EXISTS `References`;
/*!40101 SET @saved_cs_client     = @@character_set_client */;
/*!50503 SET character_set_client = utf8mb4 */;
CREATE TABLE `References` (
  `id` int(11) NOT NULL AUTO_INCREMENT,
  `name` varchar(255) DEFAULT NULL,
  `userId` int(11) DEFAULT NULL,
  `createdAt` datetime NOT NULL,
  `updatedAt` datetime DEFAULT NULL,
  PRIMARY KEY (`id`),
  KEY `userId` (`userId`),
  CONSTRAINT `references_ibfk_1` FOREIGN KEY (`userId`) REFERENCES `Users` (`id`) ON DELETE CASCADE
) ENGINE=InnoDB DEFAULT CHARSET=utf8;
/*!40101 SET character_set_client = @saved_cs_client */;

--
-- Dumping data for table `References`
--

LOCK TABLES `References` WRITE;
/*!40000 ALTER TABLE `References` DISABLE KEYS */;
/*!40000 ALTER TABLE `References` ENABLE KEYS */;
UNLOCK TABLES;

--
-- Table structure for table `Rols`
--

DROP TABLE IF EXISTS `Rols`;
/*!40101 SET @saved_cs_client     = @@character_set_client */;
/*!50503 SET character_set_client = utf8mb4 */;
CREATE TABLE `Rols` (
  `id` int(11) NOT NULL AUTO_INCREMENT,
  `name` varchar(255) DEFAULT NULL,
  `coefficient` decimal(3,2) DEFAULT NULL,
  `createdAt` datetime NOT NULL,
  `updatedAt` datetime DEFAULT NULL,
  PRIMARY KEY (`id`)
) ENGINE=InnoDB AUTO_INCREMENT=13 DEFAULT CHARSET=utf8;
/*!40101 SET character_set_client = @saved_cs_client */;

--
-- Dumping data for table `Rols`
--

LOCK TABLES `Rols` WRITE;
/*!40000 ALTER TABLE `Rols` DISABLE KEYS */;
INSERT INTO `Rols` VALUES (1,'Administrador',0.00,'2022-08-05 17:18:38','2022-08-05 17:18:38'),(2,'Control',0.00,'2022-08-05 17:18:38','2022-08-05 17:18:38'),(3,'Medidor',0.00,'2022-08-05 17:18:38','2022-08-05 17:18:38'),(4,'Usuario 0%',0.00,'2022-08-05 17:18:38','2022-08-05 17:18:38'),(5,'Usuario 5%',-0.05,'2022-08-05 17:18:38','2022-08-05 17:18:38'),(6,'Usuario 10%',-0.10,'2022-08-05 17:18:38','2022-08-05 17:18:38'),(7,'Usuario 15%',-0.15,'2022-08-05 17:18:38','2022-08-05 17:18:38'),(8,'Usuario 20%',-0.20,'2022-08-05 17:18:38','2022-08-05 17:18:38'),(9,'Usuario +80',0.80,'2022-08-05 17:18:38','2022-08-05 17:18:38'),(10,'Tarjeta',0.00,'2022-08-05 17:18:38','2022-08-05 17:18:38'),(11,'+5%',0.05,'2022-08-05 17:18:38','2022-08-05 17:18:38'),(12,'Instagram',0.00,'2022-08-05 17:18:38','2022-08-05 17:18:38');
/*!40000 ALTER TABLE `Rols` ENABLE KEYS */;
UNLOCK TABLES;

--
-- Table structure for table `SequelizeMeta`
--

DROP TABLE IF EXISTS `SequelizeMeta`;
/*!40101 SET @saved_cs_client     = @@character_set_client */;
/*!50503 SET character_set_client = utf8mb4 */;
CREATE TABLE `SequelizeMeta` (
  `name` varchar(255) COLLATE utf8_unicode_ci NOT NULL,
  PRIMARY KEY (`name`),
  UNIQUE KEY `name` (`name`)
) ENGINE=InnoDB DEFAULT CHARSET=utf8 COLLATE=utf8_unicode_ci;
/*!40101 SET character_set_client = @saved_cs_client */;

--
-- Dumping data for table `SequelizeMeta`
--

LOCK TABLES `SequelizeMeta` WRITE;
/*!40000 ALTER TABLE `SequelizeMeta` DISABLE KEYS */;
INSERT INTO `SequelizeMeta` VALUES ('20220110190718-create-color.js'),('20220110193449-create-chain.js'),('20220110193550-create-pattern.js'),('20220110193800-create-system.js'),('20220110193940-create-support.js'),('20220110194021-create-cloth.js'),('20220110194105-create-rol.js'),('20220110195910-create-user.js'),('20220110200252-create-grid.js'),('20220110200534-create-price.js'),('20220110220231-create-reference.js'),('20220110220232-create-quotation.js'),('20220111110330-create-clarification.js'),('20220114044117-create-order.js'),('20220114045953-create-order-quotation.js'),('20220115124957-create-system-cloth.js'),('20220115125022-create-system-color.js'),('20220115125043-create-system-support.js'),('20220115125108-create-system-pattern.js'),('20220115125128-create-system-chain.js');
/*!40000 ALTER TABLE `SequelizeMeta` ENABLE KEYS */;
UNLOCK TABLES;

--
-- Table structure for table `Supports`
--

DROP TABLE IF EXISTS `Supports`;
/*!40101 SET @saved_cs_client     = @@character_set_client */;
/*!50503 SET character_set_client = utf8mb4 */;
CREATE TABLE `Supports` (
  `id` int(11) NOT NULL AUTO_INCREMENT,
  `name` varchar(255) DEFAULT NULL,
  `price` int(11) DEFAULT NULL,
  `visible` tinyint(1) DEFAULT NULL,
  `idLocal` int(11) DEFAULT NULL,
  `createdAt` datetime NOT NULL,
  `updatedAt` datetime DEFAULT NULL,
  `deletedAt` datetime DEFAULT NULL,
  PRIMARY KEY (`id`)
) ENGINE=InnoDB AUTO_INCREMENT=33 DEFAULT CHARSET=utf8;
/*!40101 SET character_set_client = @saved_cs_client */;

--
-- Dumping data for table `Supports`
--

LOCK TABLES `Supports` WRITE;
/*!40000 ALTER TABLE `Supports` DISABLE KEYS */;
INSERT INTO `Supports` VALUES (1,'Techo',0,1,1,'2022-08-05 17:18:38',NULL,NULL),(2,'Pared',0,1,2,'2022-08-05 17:18:38',NULL,NULL),(3,'Techo/Pared',0,0,3,'2022-08-05 17:18:38',NULL,NULL),(4,'Unin',0,0,4,'2022-08-05 17:18:38',NULL,NULL),(5,'Ninguno',0,0,5,'2022-08-05 17:18:38',NULL,NULL),(6,'Doble',0,0,6,'2022-08-05 17:18:38',NULL,NULL),(7,'Simple',0,0,7,'2022-08-05 17:18:38',NULL,NULL),(8,'Simple 5',0,0,8,'2022-08-05 17:18:38',NULL,NULL),(9,'Unin 5',0,0,9,'2022-08-05 17:18:38',NULL,NULL),(10,'Unin especial 5',0,0,10,'2022-08-05 17:18:38',NULL,NULL),(11,'Simple 7.5',40,0,11,'2022-08-05 17:18:38',NULL,NULL),(12,'Unin 7.5',0,0,12,'2022-08-05 17:18:38',NULL,NULL),(13,'Unin especial 7.5',0,0,13,'2022-08-05 17:18:38',NULL,NULL),(14,'SIN REGISTRO',0,0,NULL,'2022-08-05 17:18:38',NULL,NULL),(15,'Simple 10',50,0,15,'2022-08-05 17:18:38',NULL,NULL),(16,'Unin 10',0,0,16,'2022-08-05 17:18:38',NULL,NULL),(17,'Unin especial 10',0,0,17,'2022-08-05 17:18:38',NULL,NULL),(18,'Ninguno',0,1,18,'2022-08-05 17:18:38',NULL,NULL),(19,'Viejo Doble',0,0,19,'2022-08-05 17:18:38',NULL,NULL),(20,'no se',0,0,20,'2022-08-05 17:18:38',NULL,NULL),(21,'escuadra de 15cm',0,0,21,'2022-08-05 17:18:38',NULL,NULL),(22,'Unin Doble',0,0,22,'2022-08-05 17:18:38',NULL,NULL),(23,'SIN REGISTRO',0,0,NULL,'2022-08-05 17:18:38',NULL,NULL),(24,'5 cm 1 solo X',0,0,24,'2022-08-05 17:18:38',NULL,NULL),(25,'7.5 cm 1 solo X',0,0,25,'2022-08-05 17:18:38',NULL,NULL),(26,'10cm 1solo X',0,0,26,'2022-08-05 17:18:38',NULL,NULL),(27,'velcro gancho',0,0,27,'2022-08-05 17:18:38',NULL,NULL),(28,'Corto',0,1,28,'2022-08-05 17:18:38',NULL,NULL),(29,'Largo',0,1,29,'2022-08-05 17:18:38',NULL,NULL),(30,'Unin Corto',0,1,30,'2022-08-05 17:18:38',NULL,NULL),(31,'Unin Largo',0,0,31,'2022-08-05 17:18:38',NULL,NULL),(32,'Doble',0,0,32,'2022-08-05 17:18:38',NULL,NULL);
/*!40000 ALTER TABLE `Supports` ENABLE KEYS */;
UNLOCK TABLES;

--
-- Table structure for table `SystemChains`
--

DROP TABLE IF EXISTS `SystemChains`;
/*!40101 SET @saved_cs_client     = @@character_set_client */;
/*!50503 SET character_set_client = utf8mb4 */;
CREATE TABLE `SystemChains` (
  `id` int(11) NOT NULL AUTO_INCREMENT,
  `systemId` int(11) DEFAULT NULL,
  `chainId` int(11) DEFAULT NULL,
  `createdAt` datetime NOT NULL,
  `updatedAt` datetime NOT NULL,
  PRIMARY KEY (`id`),
  KEY `systemId` (`systemId`),
  KEY `chainId` (`chainId`),
  CONSTRAINT `systemchains_ibfk_1` FOREIGN KEY (`systemId`) REFERENCES `Systems` (`id`) ON DELETE CASCADE ON UPDATE CASCADE,
  CONSTRAINT `systemchains_ibfk_2` FOREIGN KEY (`chainId`) REFERENCES `Chains` (`id`) ON DELETE CASCADE ON UPDATE CASCADE
) ENGINE=InnoDB AUTO_INCREMENT=53 DEFAULT CHARSET=utf8;
/*!40101 SET character_set_client = @saved_cs_client */;

--
-- Dumping data for table `SystemChains`
--

LOCK TABLES `SystemChains` WRITE;
/*!40000 ALTER TABLE `SystemChains` DISABLE KEYS */;
INSERT INTO `SystemChains` VALUES (1,113,1,'2022-08-05 17:18:38','2022-08-05 17:18:38'),(2,113,2,'2022-08-05 17:18:38','2022-08-05 17:18:38'),(3,113,3,'2022-08-05 17:18:38','2022-08-05 17:18:38'),(4,113,4,'2022-08-05 17:18:38','2022-08-05 17:18:38'),(5,113,5,'2022-08-05 17:18:38','2022-08-05 17:18:38'),(6,113,7,'2022-08-05 17:18:38','2022-08-05 17:18:38'),(7,113,8,'2022-08-05 17:18:38','2022-08-05 17:18:38'),(8,113,9,'2022-08-05 17:18:38','2022-08-05 17:18:38'),(9,113,10,'2022-08-05 17:18:38','2022-08-05 17:18:38'),(10,113,11,'2022-08-05 17:18:38','2022-08-05 17:18:38'),(11,113,12,'2022-08-05 17:18:38','2022-08-05 17:18:38'),(12,119,1,'2022-08-05 17:18:38','2022-08-05 17:18:38'),(13,119,2,'2022-08-05 17:18:38','2022-08-05 17:18:38'),(14,119,3,'2022-08-05 17:18:38','2022-08-05 17:18:38'),(15,119,4,'2022-08-05 17:18:38','2022-08-05 17:18:38'),(16,119,5,'2022-08-05 17:18:38','2022-08-05 17:18:38'),(17,119,7,'2022-08-05 17:18:38','2022-08-05 17:18:38'),(18,119,8,'2022-08-05 17:18:38','2022-08-05 17:18:38'),(19,119,9,'2022-08-05 17:18:38','2022-08-05 17:18:38'),(20,119,10,'2022-08-05 17:18:38','2022-08-05 17:18:38'),(21,119,11,'2022-08-05 17:18:38','2022-08-05 17:18:38'),(22,119,12,'2022-08-05 17:18:38','2022-08-05 17:18:38'),(23,111,1,'2022-08-05 17:18:38','2022-08-05 17:18:38'),(24,111,2,'2022-08-05 17:18:38','2022-08-05 17:18:38'),(25,111,3,'2022-08-05 17:18:38','2022-08-05 17:18:38'),(26,111,4,'2022-08-05 17:18:38','2022-08-05 17:18:38'),(27,111,5,'2022-08-05 17:18:38','2022-08-05 17:18:38'),(28,111,7,'2022-08-05 17:18:38','2022-08-05 17:18:38'),(29,111,8,'2022-08-05 17:18:38','2022-08-05 17:18:38'),(30,111,9,'2022-08-05 17:18:38','2022-08-05 17:18:38'),(31,111,10,'2022-08-05 17:18:38','2022-08-05 17:18:38'),(32,111,11,'2022-08-05 17:18:38','2022-08-05 17:18:38'),(33,111,12,'2022-08-05 17:18:38','2022-08-05 17:18:38'),(34,179,1,'2022-08-05 17:18:38','2022-08-05 17:18:38'),(35,179,2,'2022-08-05 17:18:38','2022-08-05 17:18:38'),(36,179,3,'2022-08-05 17:18:38','2022-08-05 17:18:38'),(37,179,4,'2022-08-05 17:18:38','2022-08-05 17:18:38'),(38,179,5,'2022-08-05 17:18:38','2022-08-05 17:18:38'),(39,179,7,'2022-08-05 17:18:38','2022-08-05 17:18:38'),(40,179,8,'2022-08-05 17:18:38','2022-08-05 17:18:38'),(41,179,9,'2022-08-05 17:18:38','2022-08-05 17:18:38'),(42,179,10,'2022-08-05 17:18:38','2022-08-05 17:18:38'),(43,179,11,'2022-08-05 17:18:38','2022-08-05 17:18:38'),(44,179,12,'2022-08-05 17:18:38','2022-08-05 17:18:38'),(45,112,6,'2022-08-05 17:18:38','2022-08-05 17:18:38'),(46,114,6,'2022-08-05 17:18:38','2022-08-05 17:18:38'),(47,116,6,'2022-08-05 17:18:38','2022-08-05 17:18:38'),(48,133,6,'2022-08-05 17:18:38','2022-08-05 17:18:38'),(49,18,6,'2022-08-05 17:18:38','2022-08-05 17:18:38'),(50,127,6,'2022-08-05 17:18:38','2022-08-05 17:18:38'),(51,129,6,'2022-08-05 17:18:38','2022-08-05 17:18:38'),(52,130,6,'2022-08-05 17:18:38','2022-08-05 17:18:38');
/*!40000 ALTER TABLE `SystemChains` ENABLE KEYS */;
UNLOCK TABLES;

--
-- Table structure for table `SystemCloths`
--

DROP TABLE IF EXISTS `SystemCloths`;
/*!40101 SET @saved_cs_client     = @@character_set_client */;
/*!50503 SET character_set_client = utf8mb4 */;
CREATE TABLE `SystemCloths` (
  `id` int(11) NOT NULL AUTO_INCREMENT,
  `systemId` int(11) DEFAULT NULL,
  `clothId` int(11) DEFAULT NULL,
  `createdAt` datetime NOT NULL,
  `updatedAt` datetime NOT NULL,
  PRIMARY KEY (`id`),
  KEY `systemId` (`systemId`),
  KEY `clothId` (`clothId`),
  CONSTRAINT `systemcloths_ibfk_1` FOREIGN KEY (`systemId`) REFERENCES `Systems` (`id`) ON DELETE CASCADE ON UPDATE CASCADE,
  CONSTRAINT `systemcloths_ibfk_2` FOREIGN KEY (`clothId`) REFERENCES `Cloths` (`id`) ON DELETE CASCADE ON UPDATE CASCADE
) ENGINE=InnoDB AUTO_INCREMENT=171 DEFAULT CHARSET=utf8;
/*!40101 SET character_set_client = @saved_cs_client */;

--
-- Dumping data for table `SystemCloths`
--

LOCK TABLES `SystemCloths` WRITE;
/*!40000 ALTER TABLE `SystemCloths` DISABLE KEYS */;
INSERT INTO `SystemCloths` VALUES (1,113,599,'2022-08-05 17:18:38','2022-08-05 17:18:38'),(2,113,600,'2022-08-05 17:18:38','2022-08-05 17:18:38'),(3,113,604,'2022-08-05 17:18:38','2022-08-05 17:18:38'),(4,113,632,'2022-08-05 17:18:38','2022-08-05 17:18:38'),(5,113,731,'2022-08-05 17:18:38','2022-08-05 17:18:38'),(6,113,669,'2022-08-05 17:18:38','2022-08-05 17:18:38'),(7,113,670,'2022-08-05 17:18:38','2022-08-05 17:18:38'),(8,113,676,'2022-08-05 17:18:38','2022-08-05 17:18:38'),(9,113,713,'2022-08-05 17:18:38','2022-08-05 17:18:38'),(10,113,730,'2022-08-05 17:18:38','2022-08-05 17:18:38'),(11,113,745,'2022-08-05 17:18:38','2022-08-05 17:18:38'),(12,113,746,'2022-08-05 17:18:38','2022-08-05 17:18:38'),(13,113,747,'2022-08-05 17:18:38','2022-08-05 17:18:38'),(14,113,748,'2022-08-05 17:18:38','2022-08-05 17:18:38'),(15,119,599,'2022-08-05 17:18:38','2022-08-05 17:18:38'),(16,119,600,'2022-08-05 17:18:38','2022-08-05 17:18:38'),(17,119,604,'2022-08-05 17:18:38','2022-08-05 17:18:38'),(18,119,632,'2022-08-05 17:18:38','2022-08-05 17:18:38'),(19,119,731,'2022-08-05 17:18:38','2022-08-05 17:18:38'),(20,119,669,'2022-08-05 17:18:38','2022-08-05 17:18:38'),(21,119,670,'2022-08-05 17:18:38','2022-08-05 17:18:38'),(22,119,676,'2022-08-05 17:18:38','2022-08-05 17:18:38'),(23,119,713,'2022-08-05 17:18:38','2022-08-05 17:18:38'),(24,119,730,'2022-08-05 17:18:38','2022-08-05 17:18:38'),(25,119,745,'2022-08-05 17:18:38','2022-08-05 17:18:38'),(26,119,746,'2022-08-05 17:18:38','2022-08-05 17:18:38'),(27,119,747,'2022-08-05 17:18:38','2022-08-05 17:18:38'),(28,119,748,'2022-08-05 17:18:38','2022-08-05 17:18:38'),(29,111,605,'2022-08-05 17:18:38','2022-08-05 17:18:38'),(30,111,610,'2022-08-05 17:18:38','2022-08-05 17:18:38'),(31,111,603,'2022-08-05 17:18:38','2022-08-05 17:18:38'),(32,111,609,'2022-08-05 17:18:38','2022-08-05 17:18:38'),(33,111,598,'2022-08-05 17:18:38','2022-08-05 17:18:38'),(34,111,601,'2022-08-05 17:18:38','2022-08-05 17:18:38'),(35,111,647,'2022-08-05 17:18:38','2022-08-05 17:18:38'),(36,111,631,'2022-08-05 17:18:38','2022-08-05 17:18:38'),(37,111,662,'2022-08-05 17:18:38','2022-08-05 17:18:38'),(38,111,672,'2022-08-05 17:18:38','2022-08-05 17:18:38'),(39,111,622,'2022-08-05 17:18:38','2022-08-05 17:18:38'),(40,111,624,'2022-08-05 17:18:38','2022-08-05 17:18:38'),(41,111,703,'2022-08-05 17:18:38','2022-08-05 17:18:38'),(42,111,707,'2022-08-05 17:18:38','2022-08-05 17:18:38'),(43,111,720,'2022-08-05 17:18:38','2022-08-05 17:18:38'),(44,111,721,'2022-08-05 17:18:38','2022-08-05 17:18:38'),(45,112,598,'2022-08-05 17:18:38','2022-08-05 17:18:38'),(46,112,599,'2022-08-05 17:18:38','2022-08-05 17:18:38'),(47,112,600,'2022-08-05 17:18:38','2022-08-05 17:18:38'),(48,112,601,'2022-08-05 17:18:38','2022-08-05 17:18:38'),(49,112,603,'2022-08-05 17:18:38','2022-08-05 17:18:38'),(50,112,604,'2022-08-05 17:18:38','2022-08-05 17:18:38'),(51,112,605,'2022-08-05 17:18:38','2022-08-05 17:18:38'),(52,112,609,'2022-08-05 17:18:38','2022-08-05 17:18:38'),(53,112,610,'2022-08-05 17:18:38','2022-08-05 17:18:38'),(54,112,622,'2022-08-05 17:18:38','2022-08-05 17:18:38'),(55,112,624,'2022-08-05 17:18:38','2022-08-05 17:18:38'),(56,112,631,'2022-08-05 17:18:38','2022-08-05 17:18:38'),(57,112,647,'2022-08-05 17:18:38','2022-08-05 17:18:38'),(58,112,731,'2022-08-05 17:18:38','2022-08-05 17:18:38'),(59,112,657,'2022-08-05 17:18:38','2022-08-05 17:18:38'),(60,112,662,'2022-08-05 17:18:38','2022-08-05 17:18:38'),(61,112,669,'2022-08-05 17:18:38','2022-08-05 17:18:38'),(62,112,670,'2022-08-05 17:18:38','2022-08-05 17:18:38'),(63,112,680,'2022-08-05 17:18:38','2022-08-05 17:18:38'),(64,112,703,'2022-08-05 17:18:38','2022-08-05 17:18:38'),(65,112,704,'2022-08-05 17:18:38','2022-08-05 17:18:38'),(66,112,707,'2022-08-05 17:18:38','2022-08-05 17:18:38'),(67,112,713,'2022-08-05 17:18:38','2022-08-05 17:18:38'),(68,112,730,'2022-08-05 17:18:38','2022-08-05 17:18:38'),(69,112,744,'2022-08-05 17:18:38','2022-08-05 17:18:38'),(70,112,745,'2022-08-05 17:18:38','2022-08-05 17:18:38'),(71,112,746,'2022-08-05 17:18:38','2022-08-05 17:18:38'),(72,112,747,'2022-08-05 17:18:38','2022-08-05 17:18:38'),(73,112,748,'2022-08-05 17:18:38','2022-08-05 17:18:38'),(74,129,602,'2022-08-05 17:18:38','2022-08-05 17:18:38'),(75,130,598,'2022-08-05 17:18:38','2022-08-05 17:18:38'),(76,130,601,'2022-08-05 17:18:38','2022-08-05 17:18:38'),(77,130,603,'2022-08-05 17:18:38','2022-08-05 17:18:38'),(78,130,605,'2022-08-05 17:18:38','2022-08-05 17:18:38'),(79,130,609,'2022-08-05 17:18:38','2022-08-05 17:18:38'),(80,130,610,'2022-08-05 17:18:38','2022-08-05 17:18:38'),(81,130,618,'2022-08-05 17:18:38','2022-08-05 17:18:38'),(82,130,622,'2022-08-05 17:18:38','2022-08-05 17:18:38'),(83,130,624,'2022-08-05 17:18:38','2022-08-05 17:18:38'),(84,130,631,'2022-08-05 17:18:38','2022-08-05 17:18:38'),(85,130,647,'2022-08-05 17:18:38','2022-08-05 17:18:38'),(86,130,662,'2022-08-05 17:18:38','2022-08-05 17:18:38'),(87,130,663,'2022-08-05 17:18:38','2022-08-05 17:18:38'),(88,130,703,'2022-08-05 17:18:38','2022-08-05 17:18:38'),(89,130,704,'2022-08-05 17:18:38','2022-08-05 17:18:38'),(90,130,707,'2022-08-05 17:18:38','2022-08-05 17:18:38'),(91,116,598,'2022-08-05 17:18:38','2022-08-05 17:18:38'),(92,116,601,'2022-08-05 17:18:38','2022-08-05 17:18:38'),(93,116,603,'2022-08-05 17:18:38','2022-08-05 17:18:38'),(94,116,605,'2022-08-05 17:18:38','2022-08-05 17:18:38'),(95,116,609,'2022-08-05 17:18:38','2022-08-05 17:18:38'),(96,116,610,'2022-08-05 17:18:38','2022-08-05 17:18:38'),(97,116,618,'2022-08-05 17:18:38','2022-08-05 17:18:38'),(98,116,622,'2022-08-05 17:18:38','2022-08-05 17:18:38'),(99,116,624,'2022-08-05 17:18:38','2022-08-05 17:18:38'),(100,116,631,'2022-08-05 17:18:38','2022-08-05 17:18:38'),(101,116,647,'2022-08-05 17:18:38','2022-08-05 17:18:38'),(102,116,662,'2022-08-05 17:18:38','2022-08-05 17:18:38'),(103,116,663,'2022-08-05 17:18:38','2022-08-05 17:18:38'),(104,116,703,'2022-08-05 17:18:38','2022-08-05 17:18:38'),(105,116,704,'2022-08-05 17:18:38','2022-08-05 17:18:38'),(106,116,707,'2022-08-05 17:18:38','2022-08-05 17:18:38'),(107,133,598,'2022-08-05 17:18:38','2022-08-05 17:18:38'),(108,133,601,'2022-08-05 17:18:38','2022-08-05 17:18:38'),(109,133,603,'2022-08-05 17:18:38','2022-08-05 17:18:38'),(110,133,605,'2022-08-05 17:18:38','2022-08-05 17:18:38'),(111,133,609,'2022-08-05 17:18:38','2022-08-05 17:18:38'),(112,133,610,'2022-08-05 17:18:38','2022-08-05 17:18:38'),(113,133,618,'2022-08-05 17:18:38','2022-08-05 17:18:38'),(114,133,622,'2022-08-05 17:18:38','2022-08-05 17:18:38'),(115,133,624,'2022-08-05 17:18:38','2022-08-05 17:18:38'),(116,133,631,'2022-08-05 17:18:38','2022-08-05 17:18:38'),(117,133,647,'2022-08-05 17:18:38','2022-08-05 17:18:38'),(118,133,662,'2022-08-05 17:18:38','2022-08-05 17:18:38'),(119,133,663,'2022-08-05 17:18:38','2022-08-05 17:18:38'),(120,133,703,'2022-08-05 17:18:38','2022-08-05 17:18:38'),(121,133,704,'2022-08-05 17:18:38','2022-08-05 17:18:38'),(122,133,707,'2022-08-05 17:18:38','2022-08-05 17:18:38'),(123,18,598,'2022-08-05 17:18:38','2022-08-05 17:18:38'),(124,18,601,'2022-08-05 17:18:38','2022-08-05 17:18:38'),(125,18,603,'2022-08-05 17:18:38','2022-08-05 17:18:38'),(126,18,605,'2022-08-05 17:18:38','2022-08-05 17:18:38'),(127,18,609,'2022-08-05 17:18:38','2022-08-05 17:18:38'),(128,18,610,'2022-08-05 17:18:38','2022-08-05 17:18:38'),(129,18,618,'2022-08-05 17:18:38','2022-08-05 17:18:38'),(130,18,622,'2022-08-05 17:18:38','2022-08-05 17:18:38'),(131,18,624,'2022-08-05 17:18:38','2022-08-05 17:18:38'),(132,18,631,'2022-08-05 17:18:38','2022-08-05 17:18:38'),(133,18,647,'2022-08-05 17:18:38','2022-08-05 17:18:38'),(134,18,662,'2022-08-05 17:18:38','2022-08-05 17:18:38'),(135,18,663,'2022-08-05 17:18:38','2022-08-05 17:18:38'),(136,18,703,'2022-08-05 17:18:38','2022-08-05 17:18:38'),(137,18,704,'2022-08-05 17:18:38','2022-08-05 17:18:38'),(138,18,707,'2022-08-05 17:18:38','2022-08-05 17:18:38'),(139,127,626,'2022-08-05 17:18:38','2022-08-05 17:18:38'),(140,114,626,'2022-08-05 17:18:38','2022-08-05 17:18:38'),(141,125,626,'2022-08-05 17:18:38','2022-08-05 17:18:38'),(142,127,626,'2022-08-05 17:18:38','2022-08-05 17:18:38'),(143,179,599,'2022-08-05 17:18:38','2022-08-05 17:18:38'),(144,179,600,'2022-08-05 17:18:38','2022-08-05 17:18:38'),(145,179,604,'2022-08-05 17:18:38','2022-08-05 17:18:38'),(146,179,632,'2022-08-05 17:18:38','2022-08-05 17:18:38'),(147,179,731,'2022-08-05 17:18:38','2022-08-05 17:18:38'),(148,179,669,'2022-08-05 17:18:38','2022-08-05 17:18:38'),(149,179,670,'2022-08-05 17:18:38','2022-08-05 17:18:38'),(150,179,676,'2022-08-05 17:18:38','2022-08-05 17:18:38'),(151,179,713,'2022-08-05 17:18:38','2022-08-05 17:18:38'),(152,179,730,'2022-08-05 17:18:38','2022-08-05 17:18:38'),(153,179,745,'2022-08-05 17:18:38','2022-08-05 17:18:38'),(154,179,746,'2022-08-05 17:18:38','2022-08-05 17:18:38'),(155,179,747,'2022-08-05 17:18:38','2022-08-05 17:18:38'),(156,179,748,'2022-08-05 17:18:38','2022-08-05 17:18:38'),(157,180,626,'2022-08-05 17:18:38','2022-08-05 17:18:38'),(158,187,626,'2022-08-05 17:18:38','2022-08-05 17:18:38'),(159,219,626,'2022-08-05 17:18:38','2022-08-05 17:18:38'),(160,300,626,'2022-08-05 17:18:38','2022-08-05 17:18:38'),(161,304,626,'2022-08-05 17:18:38','2022-08-05 17:18:38'),(162,309,626,'2022-08-05 17:18:38','2022-08-05 17:18:38'),(163,310,626,'2022-08-05 17:18:38','2022-08-05 17:18:38'),(164,332,626,'2022-08-05 17:18:38','2022-08-05 17:18:38'),(165,333,626,'2022-08-05 17:18:38','2022-08-05 17:18:38'),(166,334,626,'2022-08-05 17:18:38','2022-08-05 17:18:38'),(167,335,626,'2022-08-05 17:18:38','2022-08-05 17:18:38'),(168,336,626,'2022-08-05 17:18:38','2022-08-05 17:18:38'),(169,337,626,'2022-08-05 17:18:38','2022-08-05 17:18:38'),(170,338,626,'2022-08-05 17:18:38','2022-08-05 17:18:38');
/*!40000 ALTER TABLE `SystemCloths` ENABLE KEYS */;
UNLOCK TABLES;

--
-- Table structure for table `SystemColors`
--

DROP TABLE IF EXISTS `SystemColors`;
/*!40101 SET @saved_cs_client     = @@character_set_client */;
/*!50503 SET character_set_client = utf8mb4 */;
CREATE TABLE `SystemColors` (
  `id` int(11) NOT NULL AUTO_INCREMENT,
  `systemId` int(11) DEFAULT NULL,
  `colorId` int(11) DEFAULT NULL,
  `createdAt` datetime NOT NULL,
  `updatedAt` datetime NOT NULL,
  PRIMARY KEY (`id`),
  KEY `systemId` (`systemId`),
  KEY `colorId` (`colorId`),
  CONSTRAINT `systemcolors_ibfk_1` FOREIGN KEY (`systemId`) REFERENCES `Systems` (`id`) ON DELETE CASCADE ON UPDATE CASCADE,
  CONSTRAINT `systemcolors_ibfk_2` FOREIGN KEY (`colorId`) REFERENCES `Colors` (`id`) ON DELETE CASCADE ON UPDATE CASCADE
) ENGINE=InnoDB AUTO_INCREMENT=54 DEFAULT CHARSET=utf8;
/*!40101 SET character_set_client = @saved_cs_client */;

--
-- Dumping data for table `SystemColors`
--

LOCK TABLES `SystemColors` WRITE;
/*!40000 ALTER TABLE `SystemColors` DISABLE KEYS */;
INSERT INTO `SystemColors` VALUES (1,113,1,'2022-08-05 17:18:38','2022-08-05 17:18:38'),(2,113,2,'2022-08-05 17:18:38','2022-08-05 17:18:38'),(3,113,26,'2022-08-05 17:18:38','2022-08-05 17:18:38'),(4,113,4,'2022-08-05 17:18:38','2022-08-05 17:18:38'),(5,113,3,'2022-08-05 17:18:38','2022-08-05 17:18:38'),(6,113,16,'2022-08-05 17:18:38','2022-08-05 17:18:38'),(7,113,51,'2022-08-05 17:18:38','2022-08-05 17:18:38'),(8,119,1,'2022-08-05 17:18:38','2022-08-05 17:18:38'),(9,119,2,'2022-08-05 17:18:38','2022-08-05 17:18:38'),(10,119,26,'2022-08-05 17:18:38','2022-08-05 17:18:38'),(11,119,4,'2022-08-05 17:18:38','2022-08-05 17:18:38'),(12,119,3,'2022-08-05 17:18:38','2022-08-05 17:18:38'),(13,119,16,'2022-08-05 17:18:38','2022-08-05 17:18:38'),(14,119,51,'2022-08-05 17:18:38','2022-08-05 17:18:38'),(15,111,1,'2022-08-05 17:18:38','2022-08-05 17:18:38'),(16,111,3,'2022-08-05 17:18:38','2022-08-05 17:18:38'),(17,112,1,'2022-08-05 17:18:38','2022-08-05 17:18:38'),(18,112,2,'2022-08-05 17:18:38','2022-08-05 17:18:38'),(19,112,26,'2022-08-05 17:18:38','2022-08-05 17:18:38'),(20,112,4,'2022-08-05 17:18:38','2022-08-05 17:18:38'),(21,112,3,'2022-08-05 17:18:38','2022-08-05 17:18:38'),(22,112,16,'2022-08-05 17:18:38','2022-08-05 17:18:38'),(23,129,1,'2022-08-05 17:18:38','2022-08-05 17:18:38'),(24,129,3,'2022-08-05 17:18:38','2022-08-05 17:18:38'),(25,130,1,'2022-08-05 17:18:38','2022-08-05 17:18:38'),(26,130,3,'2022-08-05 17:18:38','2022-08-05 17:18:38'),(27,116,1,'2022-08-05 17:18:38','2022-08-05 17:18:38'),(28,116,3,'2022-08-05 17:18:38','2022-08-05 17:18:38'),(29,133,1,'2022-08-05 17:18:38','2022-08-05 17:18:38'),(30,133,3,'2022-08-05 17:18:38','2022-08-05 17:18:38'),(31,18,1,'2022-08-05 17:18:38','2022-08-05 17:18:38'),(32,18,3,'2022-08-05 17:18:38','2022-08-05 17:18:38'),(33,127,1,'2022-08-05 17:18:38','2022-08-05 17:18:38'),(34,114,1,'2022-08-05 17:18:38','2022-08-05 17:18:38'),(35,125,17,'2022-08-05 17:18:38','2022-08-05 17:18:38'),(36,179,1,'2022-08-05 17:18:38','2022-08-05 17:18:38'),(37,179,2,'2022-08-05 17:18:38','2022-08-05 17:18:38'),(38,179,3,'2022-08-05 17:18:38','2022-08-05 17:18:38'),(39,179,16,'2022-08-05 17:18:38','2022-08-05 17:18:38'),(40,180,17,'2022-08-05 17:18:38','2022-08-05 17:18:38'),(41,187,17,'2022-08-05 17:18:38','2022-08-05 17:18:38'),(42,219,17,'2022-08-05 17:18:38','2022-08-05 17:18:38'),(43,300,17,'2022-08-05 17:18:38','2022-08-05 17:18:38'),(44,304,17,'2022-08-05 17:18:38','2022-08-05 17:18:38'),(45,309,17,'2022-08-05 17:18:38','2022-08-05 17:18:38'),(46,310,17,'2022-08-05 17:18:38','2022-08-05 17:18:38'),(47,332,17,'2022-08-05 17:18:38','2022-08-05 17:18:38'),(48,333,17,'2022-08-05 17:18:38','2022-08-05 17:18:38'),(49,334,17,'2022-08-05 17:18:38','2022-08-05 17:18:38'),(50,335,17,'2022-08-05 17:18:38','2022-08-05 17:18:38'),(51,336,17,'2022-08-05 17:18:38','2022-08-05 17:18:38'),(52,337,17,'2022-08-05 17:18:38','2022-08-05 17:18:38'),(53,338,17,'2022-08-05 17:18:38','2022-08-05 17:18:38');
/*!40000 ALTER TABLE `SystemColors` ENABLE KEYS */;
UNLOCK TABLES;

--
-- Table structure for table `SystemPatterns`
--

DROP TABLE IF EXISTS `SystemPatterns`;
/*!40101 SET @saved_cs_client     = @@character_set_client */;
/*!50503 SET character_set_client = utf8mb4 */;
CREATE TABLE `SystemPatterns` (
  `id` int(11) NOT NULL AUTO_INCREMENT,
  `systemId` int(11) DEFAULT NULL,
  `patternId` int(11) DEFAULT NULL,
  `createdAt` datetime NOT NULL,
  `updatedAt` datetime NOT NULL,
  PRIMARY KEY (`id`),
  KEY `systemId` (`systemId`),
  KEY `patternId` (`patternId`),
  CONSTRAINT `systempatterns_ibfk_1` FOREIGN KEY (`systemId`) REFERENCES `Systems` (`id`) ON DELETE CASCADE ON UPDATE CASCADE,
  CONSTRAINT `systempatterns_ibfk_2` FOREIGN KEY (`patternId`) REFERENCES `Patterns` (`id`) ON DELETE CASCADE ON UPDATE CASCADE
) ENGINE=InnoDB AUTO_INCREMENT=18 DEFAULT CHARSET=utf8;
/*!40101 SET character_set_client = @saved_cs_client */;

--
-- Dumping data for table `SystemPatterns`
--

LOCK TABLES `SystemPatterns` WRITE;
/*!40000 ALTER TABLE `SystemPatterns` DISABLE KEYS */;
INSERT INTO `SystemPatterns` VALUES (1,113,1,'2022-08-05 17:18:38','2022-08-05 17:18:38'),(2,113,2,'2022-08-05 17:18:38','2022-08-05 17:18:38'),(3,119,1,'2022-08-05 17:18:38','2022-08-05 17:18:38'),(4,119,2,'2022-08-05 17:18:38','2022-08-05 17:18:38'),(5,111,1,'2022-08-05 17:18:38','2022-08-05 17:18:38'),(6,111,2,'2022-08-05 17:18:38','2022-08-05 17:18:38'),(7,111,3,'2022-08-05 17:18:38','2022-08-05 17:18:38'),(8,112,4,'2022-08-05 17:18:38','2022-08-05 17:18:38'),(9,129,4,'2022-08-05 17:18:38','2022-08-05 17:18:38'),(10,130,4,'2022-08-05 17:18:38','2022-08-05 17:18:38'),(11,116,4,'2022-08-05 17:18:38','2022-08-05 17:18:38'),(12,133,4,'2022-08-05 17:18:38','2022-08-05 17:18:38'),(13,18,4,'2022-08-05 17:18:38','2022-08-05 17:18:38'),(14,127,6,'2022-08-05 17:18:38','2022-08-05 17:18:38'),(15,114,6,'2022-08-05 17:18:38','2022-08-05 17:18:38'),(16,179,1,'2022-08-05 17:18:38','2022-08-05 17:18:38'),(17,179,2,'2022-08-05 17:18:38','2022-08-05 17:18:38');
/*!40000 ALTER TABLE `SystemPatterns` ENABLE KEYS */;
UNLOCK TABLES;

--
-- Table structure for table `SystemSupports`
--

DROP TABLE IF EXISTS `SystemSupports`;
/*!40101 SET @saved_cs_client     = @@character_set_client */;
/*!50503 SET character_set_client = utf8mb4 */;
CREATE TABLE `SystemSupports` (
  `id` int(11) NOT NULL AUTO_INCREMENT,
  `systemId` int(11) DEFAULT NULL,
  `supportId` int(11) DEFAULT NULL,
  `createdAt` datetime NOT NULL,
  `updatedAt` datetime NOT NULL,
  PRIMARY KEY (`id`),
  KEY `systemId` (`systemId`),
  KEY `supportId` (`supportId`),
  CONSTRAINT `systemsupports_ibfk_1` FOREIGN KEY (`systemId`) REFERENCES `Systems` (`id`) ON DELETE CASCADE ON UPDATE CASCADE,
  CONSTRAINT `systemsupports_ibfk_2` FOREIGN KEY (`supportId`) REFERENCES `Supports` (`id`) ON DELETE CASCADE ON UPDATE CASCADE
) ENGINE=InnoDB AUTO_INCREMENT=32 DEFAULT CHARSET=utf8;
/*!40101 SET character_set_client = @saved_cs_client */;

--
-- Dumping data for table `SystemSupports`
--

LOCK TABLES `SystemSupports` WRITE;
/*!40000 ALTER TABLE `SystemSupports` DISABLE KEYS */;
INSERT INTO `SystemSupports` VALUES (1,113,6,'2022-08-05 17:18:38','2022-08-05 17:18:38'),(2,113,22,'2022-08-05 17:18:38','2022-08-05 17:18:38'),(3,113,28,'2022-08-05 17:18:38','2022-08-05 17:18:38'),(4,113,29,'2022-08-05 17:18:38','2022-08-05 17:18:38'),(5,113,30,'2022-08-05 17:18:38','2022-08-05 17:18:38'),(6,113,31,'2022-08-05 17:18:38','2022-08-05 17:18:38'),(7,119,6,'2022-08-05 17:18:38','2022-08-05 17:18:38'),(8,119,22,'2022-08-05 17:18:38','2022-08-05 17:18:38'),(9,119,28,'2022-08-05 17:18:38','2022-08-05 17:18:38'),(10,119,29,'2022-08-05 17:18:38','2022-08-05 17:18:38'),(11,119,30,'2022-08-05 17:18:38','2022-08-05 17:18:38'),(12,119,31,'2022-08-05 17:18:38','2022-08-05 17:18:38'),(13,111,1,'2022-08-05 17:18:38','2022-08-05 17:18:38'),(14,111,2,'2022-08-05 17:18:38','2022-08-05 17:18:38'),(15,112,1,'2022-08-05 17:18:38','2022-08-05 17:18:38'),(16,112,2,'2022-08-05 17:18:38','2022-08-05 17:18:38'),(17,129,1,'2022-08-05 17:18:38','2022-08-05 17:18:38'),(18,129,2,'2022-08-05 17:18:38','2022-08-05 17:18:38'),(19,130,1,'2022-08-05 17:18:38','2022-08-05 17:18:38'),(20,130,2,'2022-08-05 17:18:38','2022-08-05 17:18:38'),(21,116,1,'2022-08-05 17:18:38','2022-08-05 17:18:38'),(22,116,2,'2022-08-05 17:18:38','2022-08-05 17:18:38'),(23,133,1,'2022-08-05 17:18:38','2022-08-05 17:18:38'),(24,133,2,'2022-08-05 17:18:38','2022-08-05 17:18:38'),(25,18,1,'2022-08-05 17:18:38','2022-08-05 17:18:38'),(26,18,2,'2022-08-05 17:18:38','2022-08-05 17:18:38'),(27,127,1,'2022-08-05 17:18:38','2022-08-05 17:18:38'),(28,127,2,'2022-08-05 17:18:38','2022-08-05 17:18:38'),(29,114,18,'2022-08-05 17:18:38','2022-08-05 17:18:38'),(30,179,1,'2022-08-05 17:18:38','2022-08-05 17:18:38'),(31,179,2,'2022-08-05 17:18:38','2022-08-05 17:18:38');
/*!40000 ALTER TABLE `SystemSupports` ENABLE KEYS */;
UNLOCK TABLES;

--
-- Table structure for table `Systems`
--

DROP TABLE IF EXISTS `Systems`;
/*!40101 SET @saved_cs_client     = @@character_set_client */;
/*!50503 SET character_set_client = utf8mb4 */;
CREATE TABLE `Systems` (
  `id` int(11) NOT NULL AUTO_INCREMENT,
  `name` varchar(255) DEFAULT NULL,
  `price` int(11) DEFAULT NULL,
  `salePrice` int(11) DEFAULT NULL,
  `visible` tinyint(1) DEFAULT NULL,
  `accessory` tinyint(1) DEFAULT NULL,
  `limit` int(11) DEFAULT NULL,
  `idLocal` int(11) DEFAULT NULL,
  `createdAt` datetime NOT NULL,
  `updatedAt` datetime DEFAULT NULL,
  `deletedAt` datetime DEFAULT NULL,
  PRIMARY KEY (`id`)
) ENGINE=InnoDB AUTO_INCREMENT=361 DEFAULT CHARSET=utf8;
/*!40101 SET character_set_client = @saved_cs_client */;

--
-- Dumping data for table `Systems`
--

LOCK TABLES `Systems` WRITE;
/*!40000 ALTER TABLE `Systems` DISABLE KEYS */;
INSERT INTO `Systems` VALUES (1,'Romanas',0,0,0,0,5,1,'2022-08-05 17:18:38',NULL,NULL),(2,'Paneles Orientales',0,0,0,0,5,2,'2022-08-05 17:18:38',NULL,NULL),(3,'Roller bko',100,0,0,0,5,3,'2022-08-05 17:18:38',NULL,NULL),(4,'5% screen',0,0,0,0,5,4,'2022-08-05 17:18:38',NULL,NULL),(5,'Listas',0,0,0,0,5,5,'2022-08-05 17:18:38',NULL,NULL),(6,'SIN REGISTRO',0,0,0,0,5,NULL,'2022-08-05 17:18:38',NULL,NULL),(7,'Cabezal doble chata',0,0,0,0,5,7,'2022-08-05 17:18:38',NULL,NULL),(8,'Cabezal triple pellizco',0,0,0,0,5,8,'2022-08-05 17:18:38',NULL,NULL),(9,'Savicor',0,0,0,0,5,9,'2022-08-05 17:18:38',NULL,NULL),(10,'cinta fruncidora',0,0,0,0,5,10,'2022-08-05 17:18:38',NULL,NULL),(11,'almohadones',0,0,0,0,5,11,'2022-08-05 17:18:38',NULL,NULL),(12,'manteles',0,0,0,0,5,12,'2022-08-05 17:18:38',NULL,NULL),(13,'bando',0,0,0,0,5,13,'2022-08-05 17:18:38',NULL,NULL),(14,'cenefa',0,0,0,0,5,14,'2022-08-05 17:18:38',NULL,NULL),(15,'fundas de futon',0,0,0,0,5,15,'2022-08-05 17:18:38',NULL,NULL),(16,'visillo',0,0,0,0,5,16,'2022-08-05 17:18:38',NULL,NULL),(17,'Cabezal doble pellizco',0,0,0,0,5,17,'2022-08-05 17:18:38',NULL,NULL),(18,'Cabezal Plizado',0,0,1,0,5,18,'2022-08-05 17:18:38',NULL,NULL),(19,'bando',0,0,0,0,5,19,'2022-08-05 17:18:38',NULL,NULL),(20,'guias',0,0,0,0,5,20,'2022-08-05 17:18:38',NULL,NULL),(21,'soportes',0,0,0,0,5,21,'2022-08-05 17:18:38',NULL,NULL),(22,'SIN REGISTRO',0,0,0,0,5,NULL,'2022-08-05 17:18:38',NULL,NULL),(23,'instalacion',0,0,0,0,5,23,'2022-08-05 17:18:38',NULL,NULL),(24,'cadena metal',0,0,0,0,5,24,'2022-08-05 17:18:38',NULL,NULL),(25,'iva',0,0,0,0,5,25,'2022-08-05 17:18:38',NULL,NULL),(26,'ajustables',0,0,0,0,5,26,'2022-08-05 17:18:38',NULL,NULL),(27,'cadena plast',0,0,0,0,5,27,'2022-08-05 17:18:38',NULL,NULL),(28,'cadena romana',0,0,0,0,5,28,'2022-08-05 17:18:38',NULL,NULL),(29,'caminos',0,0,0,0,5,29,'2022-08-05 17:18:38',NULL,NULL),(30,'individuales',0,0,0,0,5,30,'2022-08-05 17:18:38',NULL,NULL),(31,'cantonier',0,0,0,0,5,31,'2022-08-05 17:18:38',NULL,NULL),(32,'perfil velcrado',0,0,0,0,5,32,'2022-08-05 17:18:38',NULL,NULL),(33,'cubresommier',0,0,0,0,5,33,'2022-08-05 17:18:38',NULL,NULL),(34,'rieles europeos',0,0,0,0,5,34,'2022-08-05 17:18:38',NULL,NULL),(35,'barral osc 22',0,0,0,0,5,35,'2022-08-05 17:18:38',NULL,NULL),(36,'guias laterales',0,0,0,0,5,36,'2022-08-05 17:18:38',NULL,NULL),(37,'pellico simple',0,0,0,0,5,37,'2022-08-05 17:18:38',NULL,NULL),(38,'bando',0,0,0,0,5,38,'2022-08-05 17:18:38',NULL,NULL),(39,'Sistema y cao',0,0,0,0,5,39,'2022-08-05 17:18:38',NULL,NULL),(40,'Roller Motor',0,0,0,0,5,40,'2022-08-05 17:18:38',NULL,NULL),(41,'Terminal de metal',0,0,0,0,5,41,'2022-08-05 17:18:38',NULL,NULL),(42,'varios',0,0,0,0,5,42,'2022-08-05 17:18:38',NULL,NULL),(43,'almohadas 90 x 50',0,0,0,0,5,43,'2022-08-05 17:18:38',NULL,NULL),(44,'almohadas 50 x 50',0,0,0,0,5,44,'2022-08-05 17:18:38',NULL,NULL),(45,'almohadas 50 x50 x 10',0,0,0,0,5,45,'2022-08-05 17:18:38',NULL,NULL),(46,'mantel',0,0,0,0,5,46,'2022-08-05 17:18:38',NULL,NULL),(47,'tabla chata',0,0,0,0,5,47,'2022-08-05 17:18:38',NULL,NULL),(48,'plastico romana',0,0,0,0,5,48,'2022-08-05 17:18:38',NULL,NULL),(49,'metal romana',0,0,0,0,5,49,'2022-08-05 17:18:38',NULL,NULL),(50,'barral velcrado',0,0,0,0,5,50,'2022-08-05 17:18:38',NULL,NULL),(51,'cad metal',0,0,0,0,5,51,'2022-08-05 17:18:38',NULL,NULL),(52,'doble bko screen',0,0,0,0,5,52,'2022-08-05 17:18:38',NULL,NULL),(53,'cadena rom',0,0,0,0,5,53,'2022-08-05 17:18:38',NULL,NULL),(54,'rieles',0,0,0,0,5,54,'2022-08-05 17:18:38',NULL,NULL),(55,'funda colch toalla',0,0,0,0,5,55,'2022-08-05 17:18:38',NULL,NULL),(56,'fund cuerina 2 pl',0,0,0,0,5,56,'2022-08-05 17:18:38',NULL,NULL),(57,'funda cue almohada',0,0,0,0,5,57,'2022-08-05 17:18:38',NULL,NULL),(58,'jgos saba 1/2',0,0,0,0,5,58,'2022-08-05 17:18:38',NULL,NULL),(59,'jgo sab 2',0,0,0,0,5,59,'2022-08-05 17:18:38',NULL,NULL),(60,'fraz piel',0,0,0,0,5,60,'2022-08-05 17:18:38',NULL,NULL),(61,'almohadas 70 x 50',0,0,0,0,5,61,'2022-08-05 17:18:38',NULL,NULL),(62,'arreglos',0,0,0,0,5,62,'2022-08-05 17:18:38',NULL,NULL),(63,'motor',0,0,0,0,5,63,'2022-08-05 17:18:38',NULL,NULL),(64,'triple pellizco',0,0,0,0,5,64,'2022-08-05 17:18:38',NULL,NULL),(65,'lavado',0,0,0,0,5,65,'2022-08-05 17:18:38',NULL,NULL),(66,'Porcentaje',0,0,0,0,5,66,'2022-08-05 17:18:38',NULL,NULL),(67,'roller camerum',0,0,0,0,5,67,'2022-08-05 17:18:38',NULL,NULL),(68,'0.04 screen  bco',0,0,0,0,5,68,'2022-08-05 17:18:38',NULL,NULL),(69,'roller screen motor',0,0,0,0,5,69,'2022-08-05 17:18:38',NULL,NULL),(70,'roller bko motor',0,0,0,0,5,70,'2022-08-05 17:18:38',NULL,NULL),(71,'nylo roller',0,0,0,0,5,71,'2022-08-05 17:18:38',NULL,NULL),(72,'confeccion',0,0,0,0,5,72,'2022-08-05 17:18:38',NULL,NULL),(73,'plancha de al',0,0,0,0,5,73,'2022-08-05 17:18:38',NULL,NULL),(74,'presillas',0,0,0,0,5,74,'2022-08-05 17:18:38',NULL,NULL),(75,'0.4% screen',0,0,0,0,5,75,'2022-08-05 17:18:38',NULL,NULL),(76,'cubre eco',0,0,0,0,5,76,'2022-08-05 17:18:38',NULL,NULL),(77,'funda de edredon',0,0,0,0,5,77,'2022-08-05 17:18:38',NULL,NULL),(78,'motor screen',0,0,0,0,5,78,'2022-08-05 17:18:38',NULL,NULL),(79,'motor bko',0,0,0,0,5,79,'2022-08-05 17:18:38',NULL,NULL),(80,'arreglo',0,0,0,0,5,80,'2022-08-05 17:18:38',NULL,NULL),(81,'SIN REGISTRO',0,0,0,0,5,NULL,'2022-08-05 17:18:38',NULL,NULL),(82,'eles soportes',0,0,0,0,5,82,'2022-08-05 17:18:38',NULL,NULL),(83,'instalacion',0,0,0,0,5,83,'2022-08-05 17:18:38',NULL,NULL),(84,'varillas y soportes',0,0,0,0,5,84,'2022-08-05 17:18:38',NULL,NULL),(85,'cabezal simple',0,0,0,0,5,85,'2022-08-05 17:18:38',NULL,NULL),(86,'rieles frontales',0,0,0,0,5,86,'2022-08-05 17:18:38',NULL,NULL),(87,'Roller c guias',0,0,0,0,5,87,'2022-08-05 17:18:38',NULL,NULL),(88,'sacar',0,0,0,0,5,88,'2022-08-05 17:18:38',NULL,NULL),(89,'IVA',0,0,0,0,5,89,'2022-08-05 17:18:38',NULL,NULL),(90,'riel romana cad',0,0,0,0,5,90,'2022-08-05 17:18:38',NULL,NULL),(91,'cadena solo romana',0,0,0,0,5,91,'2022-08-05 17:18:38',NULL,NULL),(92,'confeccion',0,0,0,0,5,92,'2022-08-05 17:18:38',NULL,NULL),(93,'Bko con guias',0,0,0,0,5,93,'2022-08-05 17:18:38',NULL,NULL),(94,'Deuda anterior',0,0,0,0,5,94,'2022-08-05 17:18:38',NULL,NULL),(95,'angulo velcro',0,0,0,0,5,95,'2022-08-05 17:18:38',NULL,NULL),(96,'diferencia',0,0,0,0,5,96,'2022-08-05 17:18:38',NULL,NULL),(97,'sistema doble',0,0,0,0,5,97,'2022-08-05 17:18:38',NULL,NULL),(98,'vobl2498 calabria bco',0,0,0,0,5,98,'2022-08-05 17:18:38',NULL,NULL),(99,'cotines',0,0,0,0,5,99,'2022-08-05 17:18:38',NULL,NULL),(100,'fundas 180 hilos',0,0,0,0,5,100,'2022-08-05 17:18:38',NULL,NULL),(101,'funda c cierre',0,0,0,0,5,101,'2022-08-05 17:18:38',NULL,NULL),(102,'corte de roller',0,0,0,0,5,102,'2022-08-05 17:18:38',NULL,NULL),(103,'cortar cortinas',0,0,0,0,5,103,'2022-08-05 17:18:38',NULL,NULL),(104,'Screen',0,0,0,0,5,104,'2022-08-05 17:18:38',NULL,NULL),(105,'Cao.maquina.pegado.instalacion',0,0,0,0,5,105,'2022-08-05 17:18:38',NULL,NULL),(106,'Lienzo',0,0,0,0,5,106,'2022-08-05 17:18:38',NULL,NULL),(107,'Corte a reducir',0,0,0,0,5,107,'2022-08-05 17:18:38',NULL,NULL),(108,'Cortar',0,0,0,0,5,108,'2022-08-05 17:18:38',NULL,NULL),(109,'Sistema Romano',0,0,0,0,5,109,'2022-08-05 17:18:38',NULL,NULL),(110,'Pao',0,0,0,0,5,110,'2022-08-05 17:18:38',NULL,NULL),(111,'Romanas',0,0,1,0,5,111,'2022-08-05 17:18:38',NULL,NULL),(112,'Paneles Orientales',0,0,1,0,5,112,'2022-08-05 17:18:38',NULL,NULL),(113,'Roller',0,0,1,0,5,113,'2022-08-05 17:18:38',NULL,NULL),(114,'Guias',0,0,1,0,5,114,'2022-08-05 17:18:38',NULL,NULL),(115,'Presillas',0,0,0,0,5,115,'2022-08-05 17:18:38',NULL,NULL),(116,'Triple Pellizco',0,0,1,0,5,116,'2022-08-05 17:18:38',NULL,NULL),(117,'SIN REGISTRO',0,0,0,0,5,NULL,'2022-08-05 17:18:38',NULL,NULL),(118,'bando',0,0,0,0,5,118,'2022-08-05 17:18:38',NULL,NULL),(119,'Visillo',0,0,1,0,5,119,'2022-08-05 17:18:38',NULL,NULL),(120,'Escuadras',0,0,0,0,5,120,'2022-08-05 17:18:38',NULL,NULL),(121,'Riel',0,0,0,0,5,121,'2022-08-05 17:18:38',NULL,NULL),(122,'Barrales con soportes',0,0,0,0,5,122,'2022-08-05 17:18:38',NULL,NULL),(123,'Tradicional',0,0,0,0,5,123,'2022-08-05 17:18:38',NULL,NULL),(124,'Eles',0,0,0,0,5,124,'2022-08-05 17:18:38',NULL,NULL),(125,'Soporte Doble',1046,2160,1,1,5,125,'2022-08-05 17:18:38',NULL,NULL),(126,'Belcros',0,0,0,0,5,126,'2022-08-05 17:18:38',NULL,NULL),(127,'Cenefa',0,0,1,0,5,127,'2022-08-05 17:18:38',NULL,NULL),(128,'Sistema Romano',0,0,0,0,5,128,'2022-08-05 17:18:38',NULL,NULL),(129,'Pellizco Simple',0,0,1,0,5,129,'2022-08-05 17:18:38',NULL,NULL),(130,'Pellizco doble',0,0,1,0,5,130,'2022-08-05 17:18:38',NULL,NULL),(131,'Plizado',0,0,0,0,5,131,'2022-08-05 17:18:38',NULL,NULL),(132,'cantonier',0,0,0,0,5,132,'2022-08-05 17:18:38',NULL,NULL),(133,'Tabla Encontrada',0,0,1,0,5,133,'2022-08-05 17:18:38',NULL,NULL),(134,'Transporte',0,0,0,0,5,134,'2022-08-05 17:18:38',NULL,NULL),(135,'Varilla velcro panel',0,0,0,0,5,135,'2022-08-05 17:18:38',NULL,NULL),(136,'SIN REGISTRO',0,0,0,0,5,NULL,'2022-08-05 17:18:38',NULL,NULL),(137,'Motor Roller',0,0,0,0,5,137,'2022-08-05 17:18:38',NULL,NULL),(138,'mantel',0,0,0,0,5,138,'2022-08-05 17:18:38',NULL,NULL),(139,'Soportes',0,0,0,0,5,139,'2022-08-05 17:18:38',NULL,NULL),(140,'varillas',0,0,0,0,5,140,'2022-08-05 17:18:38',NULL,NULL),(141,'contrapeso romana',0,0,0,0,5,141,'2022-08-05 17:18:38',NULL,NULL),(142,'contrapeso oval',0,0,0,0,5,142,'2022-08-05 17:18:38',NULL,NULL),(143,'Sistema Roller',0,0,0,0,5,143,'2022-08-05 17:18:38',NULL,NULL),(144,'cubresommier',0,0,0,0,5,144,'2022-08-05 17:18:38',NULL,NULL),(145,'Roller Impresa',0,0,0,0,5,145,'2022-08-05 17:18:38',NULL,NULL),(146,'Instalacion',0,0,0,0,5,146,'2022-08-05 17:18:38',NULL,NULL),(147,'Barral madera',0,0,0,0,5,147,'2022-08-05 17:18:38',NULL,NULL),(148,'Suplementos de plastico',0,0,0,0,5,148,'2022-08-05 17:18:38',NULL,NULL),(149,'Freno',0,0,0,0,5,149,'2022-08-05 17:18:38',NULL,NULL),(150,'Polea',0,0,0,0,5,150,'2022-08-05 17:18:38',NULL,NULL),(151,'Fundas',0,0,0,0,5,151,'2022-08-05 17:18:38',NULL,NULL),(152,'Mercado de Pago',0,0,0,0,5,152,'2022-08-05 17:18:38',NULL,NULL),(153,'ELES DE 15',0,0,0,0,5,153,'2022-08-05 17:18:38',NULL,NULL),(154,'Contrapeso cadena',0,0,0,0,5,154,'2022-08-05 17:18:38',NULL,NULL),(155,'Paneles solos',0,0,0,0,5,155,'2022-08-05 17:18:38',NULL,NULL),(156,'Guia inferior',0,0,0,0,5,156,'2022-08-05 17:18:38',NULL,NULL),(157,'Arreglo',70,0,0,0,5,157,'2022-08-05 17:18:38',NULL,NULL),(158,'agarraderas',0,0,0,0,5,158,'2022-08-05 17:18:38',NULL,NULL),(159,'Riel Europeo',0,0,0,0,5,159,'2022-08-05 17:18:38',NULL,NULL),(160,'Rediseo',0,0,0,0,5,160,'2022-08-05 17:18:38',NULL,NULL),(161,'IVA',0,0,0,0,5,161,'2022-08-05 17:18:38',NULL,NULL),(162,'Remis',0,0,0,0,5,162,'2022-08-05 17:18:38',NULL,NULL),(163,'Tabla',0,0,0,0,5,163,'2022-08-05 17:18:38',NULL,NULL),(164,'Riel Romano',0,0,0,0,5,164,'2022-08-05 17:18:38',NULL,NULL),(165,'1% Screen',0,0,0,0,5,165,'2022-08-05 17:18:38',NULL,NULL),(166,'muestrario',0,0,0,0,5,166,'2022-08-05 17:18:38',NULL,NULL),(167,'roseta',0,0,0,0,5,167,'2022-08-05 17:18:38',NULL,NULL),(168,'embalaje y transp',0,0,0,0,5,168,'2022-08-05 17:18:38',NULL,NULL),(169,'Cadena plastica 2.00 MTS',0,0,0,0,5,169,'2022-08-05 17:18:38',NULL,NULL),(170,'Sistema roller chico',0,0,0,0,5,170,'2022-08-05 17:18:38',NULL,NULL),(171,'Sistema roller grande',0,0,0,0,5,171,'2022-08-05 17:18:38',NULL,NULL),(172,'NO SE',0,0,0,0,5,172,'2022-08-05 17:18:38',NULL,NULL),(173,'Instalacion',0,0,0,0,5,173,'2022-08-05 17:18:38',NULL,NULL),(174,'ELE DE 17',0,0,0,0,5,174,'2022-08-05 17:18:38',NULL,NULL),(175,'Telas Rigidas',0,0,0,0,5,175,'2022-08-05 17:18:38',NULL,NULL),(176,'Telas Blandas',0,0,0,0,5,176,'2022-08-05 17:18:38',NULL,NULL),(177,'IVA instalacion',0,0,0,0,5,177,'2022-08-05 17:18:38',NULL,NULL),(178,'SIN REGISTRO',0,0,0,0,5,NULL,'2022-08-05 17:18:38',NULL,NULL),(179,'Bandas Verticales',0,0,1,0,5,179,'2022-08-05 17:18:38',NULL,NULL),(180,'Cadena Metalica',357,0,0,1,5,180,'2022-08-05 17:18:38',NULL,NULL),(181,'hilo cordon',0,0,0,0,5,181,'2022-08-05 17:18:38',NULL,NULL),(182,'PLIZADO',0,0,0,0,5,182,'2022-08-05 17:18:38',NULL,NULL),(183,'MP',0,0,0,0,5,183,'2022-08-05 17:18:38',NULL,NULL),(184,'tabla encontrada',0,0,0,0,5,184,'2022-08-05 17:18:38',NULL,NULL),(185,'Soporte redondo de 5',0,0,0,0,5,185,'2022-08-05 17:18:38',NULL,NULL),(186,'Tapa Soporte 5',0,0,0,0,5,186,'2022-08-05 17:18:38',NULL,NULL),(187,'Tapa Contrapeso',44,0,0,1,5,187,'2022-08-05 17:18:38',NULL,NULL),(188,'Bolitas p/cadena plastica',0,0,0,0,5,188,'2022-08-05 17:18:38',NULL,NULL),(189,'embalaje',0,0,0,0,5,189,'2022-08-05 17:18:38',NULL,NULL),(190,'Cinta contrapeso',0,0,0,0,5,190,'2022-08-05 17:18:38',NULL,NULL),(191,'Soporte union 7.5',0,0,0,0,5,191,'2022-08-05 17:18:38',NULL,NULL),(192,'Soporte en L',0,0,0,0,5,192,'2022-08-05 17:18:38',NULL,NULL),(193,'Cao reforzado',0,0,0,0,5,193,'2022-08-05 17:18:38',NULL,NULL),(194,'Union 5',0,0,0,0,5,194,'2022-08-05 17:18:38',NULL,NULL),(195,'Cadena Plastica',0,0,0,0,5,195,'2022-08-05 17:18:38',NULL,NULL),(196,'Soporte de 10',0,0,0,0,5,196,'2022-08-05 17:18:38',NULL,NULL),(197,'Soporte de 5',0,0,0,0,5,197,'2022-08-05 17:18:38',NULL,NULL),(198,'retencion',0,0,0,0,5,198,'2022-08-05 17:18:38',NULL,NULL),(199,'Soportes 5.5',0,0,0,0,5,199,'2022-08-05 17:18:38',NULL,NULL),(200,'Falsa romana',0,0,0,0,5,200,'2022-08-05 17:18:38',NULL,NULL),(201,'VELCRO AUTOADHESIVO',0,0,0,0,5,201,'2022-08-05 17:18:38',NULL,NULL),(202,'VARILLA CON  VELCRO',0,0,0,0,5,202,'2022-08-05 17:18:38',NULL,NULL),(203,'Soporte cruz',0,0,0,0,5,203,'2022-08-05 17:18:38',NULL,NULL),(204,'Perfil Velcrado',0,0,0,0,5,204,'2022-08-05 17:18:38',NULL,NULL),(205,'IVA PEDIDO ANTERIOR',0,0,0,0,5,205,'2022-08-05 17:18:38',NULL,NULL),(206,'Ganchitos',0,0,0,0,5,206,'2022-08-05 17:18:38',NULL,NULL),(207,'Zocalo forrado',0,0,0,0,5,207,'2022-08-05 17:18:38',NULL,NULL),(208,'Puntera Grande',0,0,0,0,5,208,'2022-08-05 17:18:38',NULL,NULL),(209,'Puntera Chica',0,0,0,0,5,209,'2022-08-05 17:18:38',NULL,NULL),(210,'uniones europeo',0,0,0,0,5,210,'2022-08-05 17:18:38',NULL,NULL),(211,'Soporte 7.5 juego',0,0,0,0,5,211,'2022-08-05 17:18:38',NULL,NULL),(212,'Trabahilos',0,0,0,0,5,212,'2022-08-05 17:18:38',NULL,NULL),(213,'Soporte romana',0,0,0,0,5,213,'2022-08-05 17:18:38',NULL,NULL),(214,'Saldo',0,0,0,0,5,214,'2022-08-05 17:18:38',NULL,NULL),(215,'Soporte union de 5',0,0,0,0,5,215,'2022-08-05 17:18:38',NULL,NULL),(216,'Seguro',0,0,0,0,5,216,'2022-08-05 17:18:38',NULL,NULL),(217,'IVA SALDO',0,0,0,0,5,217,'2022-08-05 17:18:38',NULL,NULL),(218,'VELCRO AUTOADHESIVO',0,0,0,0,5,218,'2022-08-05 17:18:38',NULL,NULL),(219,'Unin Cadena',25,0,0,1,5,219,'2022-08-05 17:18:38',NULL,NULL),(220,'Soporte union 10',0,0,0,0,5,220,'2022-08-05 17:18:38',NULL,NULL),(221,'envio arreglo',0,0,0,0,5,221,'2022-08-05 17:18:38',NULL,NULL),(222,'Medicion',0,0,0,0,5,222,'2022-08-05 17:18:38',NULL,NULL),(223,'Cadena Plastica 3.00',0,0,0,0,5,223,'2022-08-05 17:18:38',NULL,NULL),(224,'Bolitas p/ cadena metalica',0,0,0,0,5,224,'2022-08-05 17:18:38',NULL,NULL),(225,'Soporte techo verticales',0,0,0,0,5,225,'2022-08-05 17:18:38',NULL,NULL),(226,'corredera riel',0,0,0,0,5,226,'2022-08-05 17:18:38',NULL,NULL),(227,'Puntera',0,0,0,0,5,227,'2022-08-05 17:18:38',NULL,NULL),(228,'Juego Union 10',0,0,0,0,5,228,'2022-08-05 17:18:38',NULL,NULL),(229,'soporte techo panel',0,0,0,0,5,229,'2022-08-05 17:18:38',NULL,NULL),(230,'patita panel',0,0,0,0,5,230,'2022-08-05 17:18:38',NULL,NULL),(231,'juego union de 5',0,0,0,0,5,231,'2022-08-05 17:18:38',NULL,NULL),(232,'Tela',0,0,0,0,5,232,'2022-08-05 17:18:38',NULL,NULL),(233,'MP SEA',0,0,0,0,5,233,'2022-08-05 17:18:38',NULL,NULL),(234,'IVA Medicion',0,0,0,0,5,234,'2022-08-05 17:18:38',NULL,NULL),(235,'Bolitas nuevas',0,0,0,0,5,235,'2022-08-05 17:18:38',NULL,NULL),(236,'circulito romana',0,0,0,0,5,236,'2022-08-05 17:18:38',NULL,NULL),(237,'gotita romana',0,0,0,0,5,237,'2022-08-05 17:18:38',NULL,NULL),(238,'Cadena metalica 3 mts',0,0,0,0,5,238,'2022-08-05 17:18:38',NULL,NULL),(239,'Sistema roller reforzado',0,0,0,0,5,239,'2022-08-05 17:18:38',NULL,NULL),(240,'cadena metalica 2 mt',0,0,0,0,5,240,'2022-08-05 17:18:38',NULL,NULL),(241,'Union cadena plastica',0,0,0,0,5,241,'2022-08-05 17:18:38',NULL,NULL),(242,'Union cadena metalica',0,0,0,0,5,242,'2022-08-05 17:18:38',NULL,NULL),(243,'Cadena plastica 8 mts',0,0,0,0,5,243,'2022-08-05 17:18:38',NULL,NULL),(244,'repuestos romanas',0,0,0,0,5,244,'2022-08-05 17:18:38',NULL,NULL),(245,'Soporte de 5 juego',0,0,0,0,5,245,'2022-08-05 17:18:38',NULL,NULL),(246,'cadena plastica 6 mts',0,0,0,0,5,246,'2022-08-05 17:18:38',NULL,NULL),(247,'panel velcro',0,0,0,0,5,247,'2022-08-05 17:18:38',NULL,NULL),(248,'Cadena metalica 4 mts',0,0,0,0,5,248,'2022-08-05 17:18:38',NULL,NULL),(249,'Soporte de 10 juego',0,0,0,0,5,249,'2022-08-05 17:18:38',NULL,NULL),(250,'Juego union 7.5',0,0,0,0,5,250,'2022-08-05 17:18:38',NULL,NULL),(251,'Roldana Romana',0,0,0,0,5,251,'2022-08-05 17:18:38',NULL,NULL),(252,'Bastones panel',0,0,0,0,5,252,'2022-08-05 17:18:38',NULL,NULL),(253,'repuesto baston panel',0,0,0,0,5,253,'2022-08-05 17:18:38',NULL,NULL),(254,'Bastones 1.20',0,0,0,0,5,254,'2022-08-05 17:18:38',NULL,NULL),(255,'cadena plastica 4 mts',0,0,0,0,5,255,'2022-08-05 17:18:38',NULL,NULL),(256,'Union riel',0,0,0,0,5,256,'2022-08-05 17:18:38',NULL,NULL),(257,'Tapa de 10',0,0,0,0,5,257,'2022-08-05 17:18:38',NULL,NULL),(258,'cadena plastica 7 mts',0,0,0,0,5,258,'2022-08-05 17:18:38',NULL,NULL),(259,'cadena metalica 2.50',0,0,0,0,5,259,'2022-08-05 17:18:38',NULL,NULL),(260,'soporte techo panel',0,0,0,0,5,260,'2022-08-05 17:18:38',NULL,NULL),(261,'soporte pared panel',0,0,0,0,5,261,'2022-08-05 17:18:38',NULL,NULL),(262,'servilletas',0,0,0,0,5,262,'2022-08-05 17:18:38',NULL,NULL),(263,'Tapa cenefa',0,0,0,0,5,263,'2022-08-05 17:18:38',NULL,NULL),(264,'cadena pls 5 mts',0,0,0,0,5,264,'2022-08-05 17:18:38',NULL,NULL),(265,'cadena plastica 10 mts',0,0,0,0,5,265,'2022-08-05 17:18:38',NULL,NULL),(266,'envio',0,0,0,0,5,266,'2022-08-05 17:18:38',NULL,NULL),(267,'Tapa contrapeso eclipse',0,0,0,0,5,267,'2022-08-05 17:18:38',NULL,NULL),(268,'cadena',0,0,0,0,5,268,'2022-08-05 17:18:38',NULL,NULL),(269,'Angulo',0,0,0,0,5,269,'2022-08-05 17:18:38',NULL,NULL),(270,'Angulo velcrado',0,0,0,0,5,270,'2022-08-05 17:18:38',NULL,NULL),(271,'IVA arreglo',0,0,0,0,5,271,'2022-08-05 17:18:38',NULL,NULL),(272,'Baston riel 0.95',0,0,0,0,5,272,'2022-08-05 17:18:38',NULL,NULL),(273,'Ploteado',0,0,0,0,5,273,'2022-08-05 17:18:38',NULL,NULL),(274,'soporte especial de 5',0,0,0,0,5,274,'2022-08-05 17:18:38',NULL,NULL),(275,'Diferencia',0,0,0,0,5,275,'2022-08-05 17:18:38',NULL,NULL),(276,'Devolucion',0,0,0,0,5,276,'2022-08-05 17:18:38',NULL,NULL),(277,'Hoja muestrario',0,0,0,0,5,277,'2022-08-05 17:18:38',NULL,NULL),(278,'Soporte cruz de 5',0,0,0,0,5,278,'2022-08-05 17:18:38',NULL,NULL),(279,'Soporte cruz de 7.5',0,0,0,0,5,279,'2022-08-05 17:18:38',NULL,NULL),(280,'Soporte cruz de 10',0,0,0,0,5,280,'2022-08-05 17:18:38',NULL,NULL),(281,'Cadena plastica 2.50',0,0,0,0,5,281,'2022-08-05 17:18:38',NULL,NULL),(282,'tabla encontrada',0,0,0,0,5,282,'2022-08-05 17:18:38',NULL,NULL),(283,'IVA cheque',0,0,0,0,5,283,'2022-08-05 17:18:38',NULL,NULL),(284,'Union corto 32',0,0,0,0,5,284,'2022-08-05 17:18:38',NULL,NULL),(285,'Sop. Circulo 38',0,0,0,0,5,285,'2022-08-05 17:18:38',NULL,NULL),(286,'Sop. Cruz 38',0,0,0,0,5,286,'2022-08-05 17:18:38',NULL,NULL),(287,'Union corto 38',0,0,0,0,5,287,'2022-08-05 17:18:38',NULL,NULL),(288,'corto de 32 juego',0,0,0,0,5,288,'2022-08-05 17:18:38',NULL,NULL),(289,'corto de 38 juego',0,0,0,0,5,289,'2022-08-05 17:18:38',NULL,NULL),(290,'union corto 32 juego',0,0,0,0,5,290,'2022-08-05 17:18:38',NULL,NULL),(291,'union corto 38 juego',0,0,0,0,5,291,'2022-08-05 17:18:38',NULL,NULL),(292,'largo 32 juego',0,0,0,0,5,292,'2022-08-05 17:18:38',NULL,NULL),(293,'largo 38 juego',0,0,0,0,5,293,'2022-08-05 17:18:38',NULL,NULL),(294,'Soportes largos 38',0,0,0,0,5,294,'2022-08-05 17:18:38',NULL,NULL),(295,'Soportes largos 32',0,0,0,0,5,295,'2022-08-05 17:18:38',NULL,NULL),(296,'Soporte corto 38',0,0,0,0,5,296,'2022-08-05 17:18:38',NULL,NULL),(297,'MP SALDO',0,0,0,0,5,297,'2022-08-05 17:18:38',NULL,NULL),(298,'7 mts cadena metalica',0,0,0,0,5,298,'2022-08-05 17:18:38',NULL,NULL),(299,'repuesto motor',0,0,0,0,5,299,'2022-08-05 17:18:38',NULL,NULL),(300,'Sistema 32 (nuevo)',717,0,0,1,5,300,'2022-08-05 17:18:38',NULL,NULL),(301,'Eles de 10',0,0,0,0,5,301,'2022-08-05 17:18:38',NULL,NULL),(302,'Eles de 7',0,0,0,0,5,302,'2022-08-05 17:18:38',NULL,NULL),(303,'Eles de 12',0,0,0,0,5,303,'2022-08-05 17:18:38',NULL,NULL),(304,'Sistema 38 (nuevo)',894,0,0,1,5,304,'2022-08-05 17:18:38',NULL,NULL),(305,'Soporte corto 32',0,0,0,0,5,305,'2022-08-05 17:18:38',NULL,NULL),(306,'IVA repuestos',0,0,0,0,5,306,'2022-08-05 17:18:38',NULL,NULL),(307,'Devaluacion',0,0,0,0,5,307,'2022-08-05 17:18:38',NULL,NULL),(308,'Sop. Circulo 32',0,0,0,0,5,308,'2022-08-05 17:18:38',NULL,NULL),(309,'Puntera de 32',357,0,0,1,5,309,'2022-08-05 17:18:38',NULL,NULL),(310,'Puntera de 38',537,0,0,1,5,310,'2022-08-05 17:18:38',NULL,NULL),(311,'Soporte union 32',0,0,0,0,5,311,'2022-08-05 17:18:38',NULL,NULL),(312,'Kit sistema 32',0,1440,1,1,5,312,'2022-08-05 17:18:38',NULL,NULL),(313,'Rollo cadena plastica',0,0,0,0,5,313,'2022-08-05 17:18:38',NULL,NULL),(314,'Juego Union y tope cadena plastica',0,0,0,0,5,314,'2022-08-05 17:18:38',NULL,NULL),(315,'Juego tapa zocalo inferior',0,0,0,0,5,315,'2022-08-05 17:18:38',NULL,NULL),(316,'Rollo cinta bifaz 12 mm',0,0,0,0,5,316,'2022-08-05 17:18:38',NULL,NULL),(317,'Rollo cinta bifaz 22mm',0,0,0,0,5,317,'2022-08-05 17:18:38',NULL,NULL),(318,'Metro Cao 32mm',0,0,0,0,5,318,'2022-08-05 17:18:38',NULL,NULL),(319,'Metro zocalo',0,0,0,0,5,319,'2022-08-05 17:18:38',NULL,NULL),(320,'Unidad tapa zocalo inferior',0,0,0,0,5,320,'2022-08-05 17:18:38',NULL,NULL),(321,'Metro varilla para fijar tela',0,0,0,0,5,321,'2022-08-05 17:18:38',NULL,NULL),(322,'mt bko poliester',0,0,0,0,5,322,'2022-08-05 17:18:38',NULL,NULL),(323,'Patita romana',0,0,0,0,5,323,'2022-08-05 17:18:38',NULL,NULL),(324,'zocalo tira 3 mts',0,0,0,0,5,324,'2022-08-05 17:18:38',NULL,NULL),(325,'varilla tira 3 mts',0,0,0,0,5,325,'2022-08-05 17:18:38',NULL,NULL),(326,'Unidad tapa zocalo inferior',0,0,0,0,5,326,'2022-08-05 17:18:38',NULL,NULL),(327,'Rollo cerrado',0,0,0,0,5,327,'2022-08-05 17:18:38',NULL,NULL),(328,'Kit sistema 38',0,1800,1,1,5,328,'2022-08-05 17:18:38',NULL,NULL),(329,'Cao 38 tira 3 mts',0,0,0,0,5,329,'2022-08-05 17:18:38',NULL,NULL),(330,'Cao 32 tira 3 mts',0,0,0,0,5,330,'2022-08-05 17:18:38',NULL,NULL),(331,'Tapa zocalo inferior',0,0,0,0,5,331,'2022-08-05 17:18:38',NULL,NULL),(332,'Soporte Largo',150,800,1,1,5,332,'2022-08-05 17:18:38',NULL,NULL),(333,'Soporte Unin Corto',91,720,1,1,5,333,'2022-08-05 17:18:38',NULL,NULL),(334,'Soporte Union Largo',150,0,0,1,5,334,'2022-08-05 17:18:38',NULL,NULL),(335,'Eclipse Cenefa',894,0,0,1,5,335,'2022-08-05 17:18:38',NULL,NULL),(336,'Riel Panel',595,0,0,1,5,336,'2022-08-05 17:18:38',NULL,NULL),(337,'5 bolitas p/plsticas',92,0,0,1,5,337,'2022-08-05 17:18:38',NULL,NULL),(338,'5 bolitas p/metlica',92,0,0,1,5,338,'2022-08-05 17:18:38',NULL,NULL),(339,'Ganchito banda vertical',0,0,0,0,5,339,'2022-08-05 17:18:38',NULL,NULL),(340,'Union riel panel',0,0,0,0,5,340,'2022-08-05 17:18:38',NULL,NULL),(341,'Moto',0,0,0,0,5,341,'2022-08-05 17:18:38',NULL,NULL),(342,'Par Soporte doble 38',0,0,0,0,5,342,'2022-08-05 17:18:38',NULL,NULL),(343,'Desintalacion',0,0,0,0,5,343,'2022-08-05 17:18:38',NULL,NULL),(344,'Juego Union y tope cadena metalica',0,0,0,0,5,344,'2022-08-05 17:18:38',NULL,NULL),(345,'Telas nuevas',0,0,0,0,5,345,'2022-08-05 17:18:38',NULL,NULL),(346,'Rollo cadena metalica',0,0,0,0,5,346,'2022-08-05 17:18:38',NULL,NULL),(347,'Varilla tira 2 mts',0,0,0,0,5,347,'2022-08-05 17:18:38',NULL,NULL),(348,'Sop. Cruz 32',0,0,0,0,5,348,'2022-08-05 17:18:38',NULL,NULL),(349,'Tope panel',0,0,0,0,5,349,'2022-08-05 17:18:38',NULL,NULL),(350,'Sop. Circulo 32',0,0,0,0,5,350,'2022-08-05 17:18:38',NULL,NULL),(351,'varios',0,0,0,0,5,351,'2022-08-05 17:18:38',NULL,NULL),(352,'Sop. Largo 32',0,0,0,0,5,352,'2022-08-05 17:18:38',NULL,NULL),(353,'Tapa motor',0,0,0,0,5,353,'2022-08-05 17:18:38',NULL,NULL),(354,'arandelas',0,0,0,0,5,354,'2022-08-05 17:18:38',NULL,NULL),(355,'PELLIZCO SIMPLE FORRADO',0,0,0,0,5,355,'2022-08-05 17:18:38',NULL,NULL),(356,'Union Doble',0,0,0,0,5,356,'2022-08-05 17:18:38',NULL,NULL),(357,'inst y tras',0,0,0,0,5,357,'2022-08-05 17:18:38',NULL,NULL),(358,'Pasacao',0,0,0,0,5,358,'2022-08-05 17:18:38',NULL,NULL),(359,'tabla encont',0,0,0,0,5,359,'2022-08-05 17:18:38',NULL,NULL),(360,'Riel Europeo',1600,0,0,1,5,360,'2022-08-05 17:18:38',NULL,NULL);
/*!40000 ALTER TABLE `Systems` ENABLE KEYS */;
UNLOCK TABLES;

--
-- Table structure for table `Users`
--

DROP TABLE IF EXISTS `Users`;
/*!40101 SET @saved_cs_client     = @@character_set_client */;
/*!50503 SET character_set_client = utf8mb4 */;
CREATE TABLE `Users` (
  `id` int(11) NOT NULL AUTO_INCREMENT,
  `name` varchar(255) DEFAULT NULL,
  `surname` varchar(255) DEFAULT NULL,
  `email` varchar(255) DEFAULT NULL,
  `phone` varchar(255) DEFAULT NULL,
  `username` varchar(255) DEFAULT NULL,
  `password` varchar(255) DEFAULT NULL,
  `enabled` tinyint(1) DEFAULT NULL,
  `infinity` tinyint(1) DEFAULT '0',
  `recovered` tinyint(1) DEFAULT '0',
  `viewOrders` tinyint(1) DEFAULT NULL,
  `rolId` int(11) DEFAULT NULL,
  `idLocal` int(11) DEFAULT NULL,
  `createdAt` datetime NOT NULL,
  `updatedAt` datetime DEFAULT NULL,
  `deletedAt` datetime DEFAULT NULL,
  PRIMARY KEY (`id`),
  KEY `rolId` (`rolId`),
  CONSTRAINT `users_ibfk_1` FOREIGN KEY (`rolId`) REFERENCES `Rols` (`id`)
) ENGINE=InnoDB AUTO_INCREMENT=98 DEFAULT CHARSET=utf8;
/*!40101 SET character_set_client = @saved_cs_client */;

--
-- Dumping data for table `Users`
--

LOCK TABLES `Users` WRITE;
/*!40000 ALTER TABLE `Users` DISABLE KEYS */;
INSERT INTO `Users` VALUES (1,'Erica','Castiello','eri_vcp@hotmail.com',NULL,NULL,NULL,1,0,0,0,NULL,4405,'2022-08-05 17:18:38',NULL,NULL),(2,'Agustin','Leglise','agusleglise@hotmail.com',NULL,NULL,NULL,1,0,0,0,NULL,4516,'2022-08-05 17:18:38',NULL,NULL),(3,'Martin','Rubin','viloncortinas@gmail.com',NULL,NULL,NULL,1,0,0,0,NULL,5312,'2022-08-05 17:18:38',NULL,NULL),(4,'Maximo','Haurie','hauriemaximo@yahoo.com.ar',NULL,NULL,NULL,1,0,0,0,NULL,5513,'2022-08-05 17:18:38',NULL,NULL),(5,'Monica','Arrom Borras','bordadospatagonia@yahoo.com',NULL,NULL,NULL,1,0,0,0,NULL,6433,'2022-08-05 17:18:38',NULL,NULL),(6,'Jose Alberto','Oitaben','serviciosnico@hotmail.com',NULL,NULL,NULL,1,0,0,0,NULL,6618,'2022-08-05 17:18:38',NULL,NULL),(7,'Gaston','Morillo','tatomorillo@hotmail.com',NULL,NULL,NULL,1,0,0,0,NULL,6688,'2022-08-05 17:18:38',NULL,NULL),(8,'Martin','Moya','martinmoya_@hotmail.com',NULL,NULL,NULL,1,0,0,0,NULL,6780,'2022-08-05 17:18:38',NULL,NULL),(9,'Maria Florencia','Bourras','flopibou@gmail.com',NULL,NULL,NULL,1,0,0,0,NULL,7161,'2022-08-05 17:18:38',NULL,NULL),(10,'Lorena','Mango','lorena.mango@hotmail.com',NULL,NULL,NULL,1,0,0,0,NULL,7251,'2022-08-05 17:18:38',NULL,NULL),(11,'Juliana','Guibert','juliguibert@hotmail.com',NULL,NULL,NULL,1,0,0,0,NULL,7252,'2022-08-05 17:18:38',NULL,NULL),(12,'Alejandro','Mana','cortinasmodera@gmail.com',NULL,NULL,NULL,1,0,0,0,NULL,7270,'2022-08-05 17:18:38',NULL,NULL),(13,'Lorena','Porta','ANLOPO@HOTMAIL.COM',NULL,NULL,NULL,1,0,0,0,NULL,7292,'2022-08-05 17:18:38',NULL,NULL),(14,'Ruben','Blackhall','electrotodo@mymcom.com.ar',NULL,NULL,NULL,1,0,0,0,NULL,7539,'2022-08-05 17:18:38',NULL,NULL),(15,'Pablo','Bressan','arquitectobressan@gmail.com',NULL,NULL,NULL,1,0,0,0,NULL,7742,'2022-08-05 17:18:38',NULL,NULL),(16,'Daniel','Sosa','triumphsmdp@gmail.com',NULL,NULL,NULL,1,0,0,0,NULL,7878,'2022-08-05 17:18:38',NULL,NULL),(17,'Nicolas','Arata','cocolonas@gmail.com',NULL,NULL,NULL,1,0,0,0,NULL,7988,'2022-08-05 17:18:38',NULL,NULL),(18,'Veronica','Del Moro','blanco-patagonia@hotmail.com',NULL,NULL,NULL,1,0,0,0,NULL,8028,'2022-08-05 17:18:38',NULL,NULL),(19,'Maximo','Magneres','moscosomv@hotmail.com',NULL,NULL,NULL,1,0,0,0,NULL,8039,'2022-08-05 17:18:38',NULL,NULL),(20,'Roxana','Scaglia','mundoaberturasmer1@gmail.com',NULL,NULL,NULL,1,0,0,0,NULL,8044,'2022-08-05 17:18:38',NULL,NULL),(21,'Leonardo Carlos','Canava','carpaselsanjuanino@yahoo.com.ar',NULL,NULL,NULL,1,0,0,0,NULL,8132,'2022-08-05 17:18:38',NULL,NULL),(22,'Enriqueta','Olivello','estudioarqei@gmail.com',NULL,NULL,NULL,1,0,0,0,NULL,8196,'2022-08-05 17:18:38',NULL,NULL),(23,'Pamela','Vietti','pamelavietti@gmail.com',NULL,NULL,NULL,1,0,0,0,NULL,8222,'2022-08-05 17:18:38',NULL,NULL),(24,'Pablo','Oliver','lodecocosp@gmail.com',NULL,NULL,NULL,1,0,0,0,NULL,8272,'2022-08-05 17:18:38',NULL,NULL),(25,'Gabriela','Picabea','giveamoblamientos@gmail.com',NULL,NULL,NULL,1,0,0,0,NULL,8445,'2022-08-05 17:18:38',NULL,NULL),(26,'Fernando','Rey Torres','fernandoreytorres@gmail.com',NULL,NULL,NULL,1,0,0,0,NULL,8489,'2022-08-05 17:18:38',NULL,NULL),(27,'Marcelo','Quinteros','maqelconstructora@gmail.com',NULL,NULL,NULL,1,0,0,0,NULL,8554,'2022-08-05 17:18:38',NULL,NULL),(28,'Megashop','Gustavo Lezcano','natachaveronica@yahoo.com.ar',NULL,NULL,NULL,1,0,0,0,NULL,8559,'2022-08-05 17:18:38',NULL,NULL),(29,'Celeste','Gonzalez','celeste.gonzalez@hotmail.com',NULL,NULL,NULL,1,0,0,0,NULL,8569,'2022-08-05 17:18:38',NULL,NULL),(30,'Martin','Benzoni','carlosmbenzoni@gmail.com',NULL,NULL,NULL,1,0,0,0,NULL,8577,'2022-08-05 17:18:38',NULL,NULL),(31,'Julia','Angelone','angelonejulia@outlook.com',NULL,NULL,NULL,1,0,0,0,NULL,8588,'2022-08-05 17:18:38',NULL,NULL),(32,'Enrique','Ramos','enriqueramos614@gmail.com',NULL,NULL,NULL,1,0,0,0,NULL,8625,'2022-08-05 17:18:38',NULL,NULL),(33,'Cristian','Ocen','desitilo@yahoo.com.ar',NULL,NULL,NULL,1,0,0,0,NULL,8662,'2022-08-05 17:18:38',NULL,NULL),(34,'Damian','Pozzi','pozzidamian@gmail.com',NULL,NULL,NULL,1,0,0,0,NULL,8720,'2022-08-05 17:18:38',NULL,NULL),(35,'Cristian','Heinrich','seccoplacsalta@gmail.com',NULL,NULL,NULL,1,0,0,0,NULL,8742,'2022-08-05 17:18:38',NULL,NULL),(36,'Miriam','Bagnis','plaquenamoblamientos@hotmail.com',NULL,NULL,NULL,1,0,0,0,NULL,8763,'2022-08-05 17:18:38',NULL,NULL),(37,'Damian','Alonso','dalonso@grupomontalban.com',NULL,NULL,NULL,1,0,0,0,NULL,8764,'2022-08-05 17:18:38',NULL,NULL),(38,'Silvana','Avero','mscreacionesencortinas@gmail.com',NULL,NULL,NULL,1,0,0,0,NULL,8791,'2022-08-05 17:18:38',NULL,NULL),(39,'Ariel','Arranz','info@amets.com.ar',NULL,NULL,NULL,1,0,0,0,NULL,8821,'2022-08-05 17:18:38',NULL,NULL),(40,'Dorella','Pappalardo','renogeneralvillegas@gmail.com',NULL,NULL,NULL,1,0,0,0,NULL,8839,'2022-08-05 17:18:38',NULL,NULL),(41,'Paola','Graciano','gracianopaola@gmail.com',NULL,NULL,NULL,1,0,0,0,NULL,8942,'2022-08-05 17:18:38',NULL,NULL),(42,'Erika','Wagner','rum.sanitarios@gmail.com',NULL,NULL,NULL,1,0,0,0,NULL,8987,'2022-08-05 17:18:38',NULL,NULL),(43,'Guillermina','Garcia Sierra','hauscorreo@gmail.com',NULL,NULL,NULL,1,0,0,0,NULL,9027,'2022-08-05 17:18:38',NULL,NULL),(44,'Maximiliano','Ferraro','mueblesdelosandes@gmail.com',NULL,NULL,NULL,1,0,0,0,NULL,9062,'2022-08-05 17:18:38',NULL,NULL),(45,'Sofia Ines','Costa','sofiainescosta@outlook.com',NULL,NULL,NULL,1,0,0,0,NULL,9078,'2022-08-05 17:18:38',NULL,NULL),(46,'Facundo Noel','Herrera','maspisoscalafate@gmail.com',NULL,NULL,NULL,1,0,0,0,NULL,9085,'2022-08-05 17:18:38',NULL,NULL),(47,'Franco','Herrera','tapiceriargl@gmail.com',NULL,NULL,NULL,1,0,0,0,NULL,9136,'2022-08-05 17:18:38',NULL,NULL),(48,'Rocio','Figueroa','Bricoshop@gmail.com',NULL,NULL,NULL,1,0,0,0,NULL,9153,'2022-08-05 17:18:38',NULL,NULL),(49,'Angel Antonio','Samid','samid.angel.12@gmail.com',NULL,NULL,NULL,1,0,0,0,NULL,9201,'2022-08-05 17:18:38',NULL,NULL),(50,'Yamila','Viola','yami-va@hotmail.com',NULL,NULL,NULL,1,0,0,0,NULL,9205,'2022-08-05 17:18:38',NULL,NULL),(51,'Ricardo','Villafaena','villafaenaricardo@gmail.com',NULL,NULL,NULL,1,0,0,0,NULL,9217,'2022-08-05 17:18:38',NULL,NULL),(52,'Silvia','Palla','silviapalla46@gmail.com',NULL,NULL,NULL,1,0,0,0,NULL,9235,'2022-08-05 17:18:38',NULL,NULL),(53,'Juan Matias','Capogrosso','info@piedranegra.com.ar',NULL,NULL,NULL,1,0,0,0,NULL,9319,'2022-08-05 17:18:38',NULL,NULL),(54,'Walter','Cullerton','cullerton@hotmail.com',NULL,NULL,NULL,1,0,0,0,NULL,9321,'2022-08-05 17:18:38',NULL,NULL),(55,'Ricardo','Domenech','runaobjetos@gmail.com',NULL,NULL,NULL,1,0,0,0,NULL,9397,'2022-08-05 17:18:38',NULL,NULL),(56,'Andrea','Luna','arq-andrealuna@hotmail.com',NULL,NULL,NULL,1,0,0,0,NULL,9398,'2022-08-05 17:18:38',NULL,NULL),(57,'Mario Sebastian','Gabriel','spazioconstructora@hotmail.com',NULL,NULL,NULL,1,0,0,0,NULL,9486,'2022-08-05 17:18:38',NULL,NULL),(58,'Elizabeth','Velasquez','lizzeth07@hotmail.com',NULL,NULL,NULL,1,0,0,0,NULL,9495,'2022-08-05 17:18:38',NULL,NULL),(59,'Norma','Eidman','INFO@DECORFLORES.COM.AR',NULL,NULL,NULL,1,0,0,0,NULL,9546,'2022-08-05 17:18:38',NULL,NULL),(60,'Maria','Angelone','marilueangelone@gmail.com',NULL,NULL,NULL,1,0,0,0,NULL,9555,'2022-08-05 17:18:38',NULL,NULL),(61,'Rocio','Paissan','rpaissancortinasroller@gmail.com',NULL,NULL,NULL,1,0,0,0,NULL,9566,'2022-08-05 17:18:38',NULL,NULL),(62,'Guillermo','Gomez','seccoplacjunin@gmail.com',NULL,NULL,NULL,1,0,0,0,NULL,9598,'2022-08-05 17:18:38',NULL,NULL),(63,'Delfina','Ledesma','voila.viar@gmail.com',NULL,NULL,NULL,1,0,0,0,NULL,9650,'2022-08-05 17:18:38',NULL,NULL),(64,'Claudia Andrea','Cantarutti','claudiaandrea1105@hotmail.com',NULL,NULL,NULL,1,0,0,0,NULL,9680,'2022-08-05 17:18:38',NULL,NULL),(65,'Joaquin','Miotti','jmcontrolsolar@gmail.com',NULL,NULL,NULL,1,0,0,0,NULL,9713,'2022-08-05 17:18:38',NULL,NULL),(66,'Gerardo','Alvarez','myhfabrica@hotmail.com',NULL,NULL,NULL,1,0,0,0,NULL,9777,'2022-08-05 17:18:38',NULL,NULL),(67,'Matias','Morbidelli','matyas_111@hotmail.com',NULL,NULL,NULL,1,0,0,0,NULL,9813,'2022-08-05 17:18:38',NULL,NULL),(68,'Gonzalo','Cornu','graficorfsa@gmail.com',NULL,NULL,NULL,1,0,0,0,NULL,9821,'2022-08-05 17:18:38',NULL,NULL),(69,'Cristian','Charras','aberturasalfayomega@gmail.com',NULL,NULL,NULL,1,0,0,0,NULL,9846,'2022-08-05 17:18:38',NULL,NULL),(70,'Gabriela','Hermann','Gabrielaahermann@gmail.com',NULL,NULL,NULL,1,0,0,0,NULL,9848,'2022-08-05 17:18:38',NULL,NULL),(71,'Manuel Daniel','Montecino','manueldanielmontecino@gmail.com',NULL,NULL,NULL,1,0,0,0,NULL,9917,'2022-08-05 17:18:38',NULL,NULL),(72,'Luis','Gregorini','luiscesargregorini@gmail.com',NULL,NULL,NULL,1,0,0,0,NULL,9942,'2022-08-05 17:18:38',NULL,NULL),(73,'Federico','Grande Suarez','grandefederico1998@gmail.com',NULL,NULL,NULL,1,0,0,0,NULL,9964,'2022-08-05 17:18:38',NULL,NULL),(74,'Nestor','Cordoba castaneda','lauesmege@gmail.com',NULL,NULL,NULL,1,0,0,0,NULL,9990,'2022-08-05 17:18:38',NULL,NULL),(75,'Monica','Valdes','Monicavaldes7@hotmail.com',NULL,NULL,NULL,1,0,0,0,NULL,10079,'2022-08-05 17:18:38',NULL,NULL),(76,'Luis','Espinosa','julianantu7@gmail.com',NULL,NULL,NULL,1,0,0,0,NULL,10183,'2022-08-05 17:18:38',NULL,NULL),(77,'Maria Teresa','Carnibella','arqmariacarnibella@gmail.com',NULL,NULL,NULL,1,0,0,0,NULL,10431,'2022-08-05 17:18:38',NULL,NULL),(78,'Diego Andres','May','dmayservicios@gmail.com',NULL,NULL,NULL,1,0,0,0,NULL,10492,'2022-08-05 17:18:38',NULL,NULL),(79,'Marcelo','Valicenti','amanecercortinas@gmail.com',NULL,NULL,NULL,1,0,0,0,NULL,10494,'2022-08-05 17:18:38',NULL,NULL),(80,'Martin','Darre','mdarre79@gmail.com',NULL,NULL,NULL,1,0,0,0,NULL,10503,'2022-08-05 17:18:38',NULL,NULL),(81,'Diego','Ricci','migra20@hotmail.com',NULL,NULL,NULL,1,0,0,0,NULL,10516,'2022-08-05 17:18:38',NULL,NULL),(82,'Lucas','Paz Aguilar','lucas.pazaguilar@gmail.com',NULL,NULL,NULL,1,0,0,0,NULL,10561,'2022-08-05 17:18:38',NULL,NULL),(83,'Damian','Alonso','dalonso@grupomontalban.com',NULL,NULL,NULL,1,0,0,0,NULL,10565,'2022-08-05 17:18:38',NULL,NULL),(84,'Jorge Oscar','Rodriguez','jorgerodrigueztj@hotmail.com.ar',NULL,NULL,NULL,1,0,0,0,NULL,10587,'2022-08-05 17:18:38',NULL,NULL),(85,'Administrador','Blancomad','info@blancomad.com','(011) 4504-8563 / (011) 4503-3241','admin1234','$2a$10$LbkHtIQEz/ZcWY4YF7eca.i16dA/WQxTl9jPBp1cJ7kGJLAFBeFfG',1,0,0,NULL,1,NULL,'2022-08-05 17:18:38','2024-01-18 10:15:34',NULL),(86,'Control','Blancomad','menaericdaniel@gmail.com','11 3401-6900','control','$2a$10$bm54GyDCBMkPnhgtbNDu/O8qAvK7OldU/l9RYEGzMZOcApLPtbjYi',1,0,0,NULL,2,9999,'2022-08-05 17:18:38',NULL,NULL),(87,'Medidor','Blancomad','menaericdaniel@gmail.com','11 3401-6900','medidor','$2a$10$6oqCeLqrv7KEWMkori6kROPZo1xrwG6Vy5Wie8mBAvE0HIydSAdwS',1,0,0,NULL,3,9999,'2022-08-05 17:18:38',NULL,NULL),(88,'Test 0%','example','menaericdaniel@gmail.com','11 3401-6900','test0','$2a$10$Ml0Efb6zcOVAb4pX/gilQ.gxoRXbdLPYCUo1BxyJxcQ2DjgAYhqaW',1,1,0,NULL,4,9999,'2022-08-05 17:18:39','2024-01-17 10:52:57',NULL),(89,'Test -5%','example','menaericdaniel@gmail.com','11 3401-6900','test5','$2a$10$TCgtCSAy3zkU3HBj9.e33e7Nud5sT.rmuTzfWRuFteF/Yw4qvFc5q',0,0,0,0,5,9999,'2022-08-05 17:18:39','2024-01-19 07:09:26',NULL),(90,'Test -10%','example','menaericdaniel@gmail.com','11 3401-6900','test10','$2a$10$zt/VqBBbiATn/8EtFfdLF.3Sb4f7SXXfRiUDpV.lX/ZLVUKEKp30G',1,0,1,NULL,6,9999,'2022-08-05 17:18:39','2024-01-18 16:13:31',NULL),(91,'Test -15%','example','menaericdaniel@gmail.com','11 3401-6900','test15','$2a$10$WsvcKw1F84D23IgExTlkPeRf7V7BQpxQqy/HoIzGaTv7J.dvMmJQK',0,0,0,NULL,7,9999,'2022-08-05 17:18:39','2023-04-05 10:56:41','2023-06-14 04:55:35'),(92,'Test -20%','example','menaericdaniel@gmail.com','11 3401-6900','test20','$2a$10$zKhdm6ro9mBbq80Bawz4w.lWvbasmKP1d/5buzkkE1iNSkPNY8RIK',1,0,0,NULL,8,9999,'2022-08-05 17:18:39',NULL,'2023-06-14 04:19:44'),(93,'Test +80%','example','menaericdaniel@gmail.com','11 3401-6900','test80','$2a$10$.atylCXkFbejmM5MP8Vwu.4RRj5KG.IhQdrWEpeW.PJWMZtrFsD2m',1,0,0,NULL,9,9999,'2022-08-05 17:18:39','2024-01-17 15:20:35',NULL),(94,'Test Tarjeta','example','menaericdaniel@gmail.com','11 3401-6900','tarjeta','$2a$10$rIF9c3wFW/nSHiTm1RuWnuQUGfUSskhIp7d1PDj2gY/61YdjWEBT.',1,0,0,NULL,10,9999,'2022-08-05 17:18:39','2023-06-14 04:42:47',NULL),(95,'Test +5%','example','menaericdaniel@gmail.com','11 3401-6900','test5+','$2a$10$gnSxMrzcnhCBNtVgT2Rvb.60bJpQORwyTsjOlJ0iQ21E.ZAa7nSwy',1,0,0,NULL,11,9999,'2022-08-05 17:18:39',NULL,'2023-06-14 05:27:16'),(96,'Test Instagram','example','menaericdaniel@gmail.com','11 3401-6900','instagram','$2a$10$sYVgpBBzLNsU1Vt40MyPNu8ocGcaZ5u2EXbkzSqEcWoOxx1u1VvJ.',1,0,0,NULL,12,9999,'2022-08-05 17:18:39',NULL,'2023-06-14 05:00:45'),(97,'test2','test2','test2@test.com','12312312','test2','$2a$10$snRNh393p.Psavk2.RaxdeVCElC8jfNxobhJgx1LsD1MDfUbHsjdO',1,0,0,NULL,4,9991,'2023-06-14 05:11:33','2023-06-14 05:11:59','2023-06-14 05:12:20');
/*!40000 ALTER TABLE `Users` ENABLE KEYS */;
UNLOCK TABLES;
/*!40103 SET TIME_ZONE=@OLD_TIME_ZONE */;

/*!40101 SET SQL_MODE=@OLD_SQL_MODE */;
/*!40014 SET FOREIGN_KEY_CHECKS=@OLD_FOREIGN_KEY_CHECKS */;
/*!40014 SET UNIQUE_CHECKS=@OLD_UNIQUE_CHECKS */;
/*!40101 SET CHARACTER_SET_CLIENT=@OLD_CHARACTER_SET_CLIENT */;
/*!40101 SET CHARACTER_SET_RESULTS=@OLD_CHARACTER_SET_RESULTS */;
/*!40101 SET COLLATION_CONNECTION=@OLD_COLLATION_CONNECTION */;
/*!40111 SET SQL_NOTES=@OLD_SQL_NOTES */;

-- Dump completed on 2024-01-22 11:45:30
